-- phpMyAdmin SQL Dump
-- version 5.1.1
-- https://www.phpmyadmin.net/
--
-- Servidor: 127.0.0.1:3306
-- Tiempo de generación: 19-11-2023 a las 02:42:45
-- Versión del servidor: 5.7.36
-- Versión de PHP: 7.4.26

SET SQL_MODE = "NO_AUTO_VALUE_ON_ZERO";
START TRANSACTION;
SET time_zone = "+00:00";


/*!40101 SET @OLD_CHARACTER_SET_CLIENT=@@CHARACTER_SET_CLIENT */;
/*!40101 SET @OLD_CHARACTER_SET_RESULTS=@@CHARACTER_SET_RESULTS */;
/*!40101 SET @OLD_COLLATION_CONNECTION=@@COLLATION_CONNECTION */;
/*!40101 SET NAMES utf8mb4 */;

--
-- Base de datos: `tecseg`
--

-- --------------------------------------------------------

--
-- Estructura de tabla para la tabla `client`
--

DROP TABLE IF EXISTS `client`;
CREATE TABLE IF NOT EXISTS `client` (
  `id` int(11) NOT NULL AUTO_INCREMENT,
  `nombre` varchar(50) NOT NULL,
  `apellido` varchar(50) NOT NULL,
  `business_name` varchar(150) DEFAULT NULL,
  `cuit` bigint(11) DEFAULT NULL,
  `telefono` varchar(50) DEFAULT NULL,
  `email` varchar(150) DEFAULT NULL,
  `comments` varchar(1000) DEFAULT NULL,
  `user_id` int(11) NOT NULL,
  `domicilio_id` int(11) DEFAULT NULL,
  `cond_fiscal_id` int(11) DEFAULT NULL,
  `iibb_id` int(11) DEFAULT NULL,
  PRIMARY KEY (`id`),
  UNIQUE KEY `uq_cliente_nombre_apellido` (`nombre`,`apellido`),
  KEY `domicilio_id` (`domicilio_id`),
  KEY `user_id` (`user_id`),
  KEY `client_cf` (`cond_fiscal_id`),
  KEY `client_iibb` (`iibb_id`)
) ENGINE=InnoDB AUTO_INCREMENT=16 DEFAULT CHARSET=utf8;

--
-- Volcado de datos para la tabla `client`
--

INSERT INTO `client` (`id`, `nombre`, `apellido`, `business_name`, `cuit`, `telefono`, `email`, `comments`, `user_id`, `domicilio_id`, `cond_fiscal_id`, `iibb_id`) VALUES
(1, 'Sergio', 'Viola', 'Sistema Confiar S.R.L.', 30644088398, '3434560058', 'sergiodarioviola@gmail.com', '', 4, 25, 1, 908),
(2, 'Nestor', 'busso', '', NULL, '2920484213', 'nestorbusso@gmail.com', 'Técnico Joshué: 2920650099..', 4, 26, NULL, 916),
(3, 'Fabio', 'Brandan', '', NULL, '1155637121', 'faviobrandan@hotmail.com', '', 4, 27, NULL, 902),
(4, 'Guillermo Claudio', 'Gelves', '', 20136080750, '2646614200', 'ingelves@gmail.com', '', 4, 28, 1, 918),
(5, 'Pastor', 'Aquino', 'JTA', NULL, '', '', '', 10, 29, NULL, 913),
(6, 'Lapacho', 'TV', 'LAPACHO - L.T. 88 TV CANAL 11', 30707032126, '(54) 0370 - 4436404 / 4430723', 'info@lapachotv.com.ar', 'www.lapachotv.com.ar', 10, 30, 1, 909),
(7, 'Municipalidad', 'Concordia', 'Municipalidad De Concordia', 30999011728, '0345 - 4291300', '', '', 10, 31, 2, 908),
(8, 'Federal', 'Comunicaciones', 'Federal Comunicaciones S.A.', 30690497960, '+54 343 4312196', '', '', 10, 32, 1, 908),
(9, 'Luis', 'Mazurier', 'COOP. DE TRAB. OBR PRENSA ESCRITA Y TV LTDA', NULL, '', '', 'Director TELE 5', 10, 33, 1, 908),
(10, 'Javier', 'Matus', '', NULL, '', '', '', 10, 34, NULL, 917);

-- --------------------------------------------------------

--
-- Estructura de tabla para la tabla `color`
--

DROP TABLE IF EXISTS `color`;
CREATE TABLE IF NOT EXISTS `color` (
  `id` int(11) NOT NULL AUTO_INCREMENT,
  `hex` varchar(7) NOT NULL,
  `nombre` varchar(15) NOT NULL,
  PRIMARY KEY (`id`)
) ENGINE=InnoDB AUTO_INCREMENT=11 DEFAULT CHARSET=utf8;

--
-- Volcado de datos para la tabla `color`
--

INSERT INTO `color` (`id`, `hex`, `nombre`) VALUES
(1, '#ffcd33', 'Naranja'),
(2, '#ffff66', 'Amarillo'),
(3, '#98e695', 'Verde Claro'),
(4, '#ce7e00', 'Marrón'),
(5, '#44bbff', 'Azul'),
(6, '#5faa4c', 'Verde Oscuro'),
(7, '#81acae', 'Verde Pardo'),
(8, '#e81e27', 'Rojo'),
(9, '#ff00bf', 'Rosa'),
(10, '#090a14', 'Negro');

-- --------------------------------------------------------

--
-- Estructura de tabla para la tabla `cond_fiscal`
--

DROP TABLE IF EXISTS `cond_fiscal`;
CREATE TABLE IF NOT EXISTS `cond_fiscal` (
  `id` int(11) NOT NULL AUTO_INCREMENT,
  `nombre` varchar(50) NOT NULL,
  PRIMARY KEY (`id`)
) ENGINE=InnoDB AUTO_INCREMENT=12 DEFAULT CHARSET=utf8;

--
-- Volcado de datos para la tabla `cond_fiscal`
--

INSERT INTO `cond_fiscal` (`id`, `nombre`) VALUES
(1, 'IVA Responsable Inscripto'),
(2, 'IVA Sujeto Exento'),
(3, 'Consumidor final'),
(4, 'Responsable Monotributo'),
(5, 'Sujeto No Categorizado'),
(6, 'Proveedor del Exterior'),
(7, 'Cliente del Exterior'),
(8, 'IVA Liberado - Ley Nº 19.640'),
(9, 'Monotributista  Social'),
(10, 'IVA No Alcanzado'),
(11, 'Monotributista Trabajador Independiente');

-- --------------------------------------------------------

--
-- Estructura de tabla para la tabla `detalle_reparacion`
--

DROP TABLE IF EXISTS `detalle_reparacion`;
CREATE TABLE IF NOT EXISTS `detalle_reparacion` (
  `id` int(11) NOT NULL AUTO_INCREMENT,
  `content` varchar(1000) NOT NULL,
  `date_created` datetime NOT NULL DEFAULT CURRENT_TIMESTAMP,
  `date_modified` datetime NOT NULL DEFAULT CURRENT_TIMESTAMP ON UPDATE CURRENT_TIMESTAMP,
  `user_id` int(11) NOT NULL,
  `reparacion_id` int(11) NOT NULL,
  PRIMARY KEY (`id`),
  KEY `user_detalle` (`user_id`),
  KEY `orden_detalle` (`reparacion_id`)
) ENGINE=InnoDB AUTO_INCREMENT=4 DEFAULT CHARSET=utf8;

--
-- Volcado de datos para la tabla `detalle_reparacion`
--

INSERT INTO `detalle_reparacion` (`id`, `content`, `date_created`, `date_modified`, `user_id`, `reparacion_id`) VALUES
(1, 'hubo corte de energía. presenta falla mux y muleto\r\nmux no detecta bitrate del encoder.\r\ndesconecto y reinicio todo, salió andando bien!!!!!\r\n', '2023-08-19 11:39:42', '2023-08-19 11:39:42', 1, 1),
(2, 'se pidió asistencia a remota a VIDEOSWITCH, se aguarda informe', '2023-10-26 12:23:43', '2023-11-11 17:33:50', 1, 5),
(3, 'El señor Néstor  Busso nos comentó que el problema había desaparecido después de que la gente de videoswitch revisara el sistema, mas haya de que no reportaron ningún cambio o mala configuración, se da por concretada la orden de reparación', '2023-11-11 15:23:29', '2023-11-11 17:33:54', 1, 5);

-- --------------------------------------------------------

--
-- Estructura de tabla para la tabla `detalle_trabajo`
--

DROP TABLE IF EXISTS `detalle_trabajo`;
CREATE TABLE IF NOT EXISTS `detalle_trabajo` (
  `id` int(11) NOT NULL AUTO_INCREMENT,
  `content` varchar(1000) NOT NULL,
  `cantidad` int(11) NOT NULL DEFAULT '1',
  `date_created` datetime NOT NULL DEFAULT CURRENT_TIMESTAMP,
  `date_modified` datetime NOT NULL DEFAULT CURRENT_TIMESTAMP ON UPDATE CURRENT_TIMESTAMP,
  `user_id` int(11) NOT NULL,
  `trabajo_id` int(11) NOT NULL,
  PRIMARY KEY (`id`),
  KEY `user_detalle` (`user_id`),
  KEY `detalle_OT` (`trabajo_id`)
) ENGINE=InnoDB AUTO_INCREMENT=60 DEFAULT CHARSET=utf8;

--
-- Volcado de datos para la tabla `detalle_trabajo`
--

INSERT INTO `detalle_trabajo` (`id`, `content`, `cantidad`, `date_created`, `date_modified`, `user_id`, `trabajo_id`) VALUES
(8, 'Encoder 4 SDI', 1, '2023-10-20 19:08:32', '2023-11-13 18:43:55', 11, 12),
(9, 'REMUX salida IP', 1, '2023-10-20 19:08:32', '2023-11-13 18:43:55', 11, 12),
(10, 'Descompresor ISDB-TB', 2, '2023-10-20 19:08:32', '2023-11-13 18:43:55', 11, 12),
(11, 'Modulador ISDB-T MIST-15', 1, '2023-10-20 19:08:32', '2023-11-13 18:43:55', 11, 12),
(12, 'Tx TRUD1800', 2, '2023-10-20 19:08:32', '2023-11-13 18:43:55', 11, 12),
(13, 'Modulador ISDB VS', 1, '2023-10-20 19:08:32', '2023-11-13 18:43:55', 11, 12),
(14, 'Tx FM5000', 1, '2023-10-20 19:08:32', '2023-11-13 18:43:55', 11, 12),
(16, 'Tx TRUD250', 1, '2023-10-22 11:33:10', '2023-11-13 18:43:55', 11, 14),
(17, 'Encodulator Dexin 3542', 1, '2023-10-22 11:33:10', '2023-11-13 18:43:55', 11, 14),
(18, 'Encoder LP211', 1, '2023-10-22 14:53:13', '2023-11-13 18:43:55', 11, 15),
(19, 'Encoder NDS3228S IP', 1, '2023-10-22 14:53:13', '2023-11-13 18:43:55', 11, 15),
(20, 'Switch', 2, '2023-10-22 14:53:13', '2023-11-13 18:43:55', 11, 15),
(21, 'Enlace Ubiquiti 24G', 2, '2023-10-22 14:53:13', '2023-11-13 18:43:55', 11, 15),
(22, 'MUX DMUX500i', 1, '2023-10-22 14:53:13', '2023-11-13 18:43:55', 11, 15),
(23, 'Modulador NDS2405G', 1, '2023-10-22 14:53:13', '2023-11-13 18:43:55', 11, 15),
(24, 'Tx TRUD1000 CTM', 1, '2023-10-22 14:53:13', '2023-11-13 18:43:55', 11, 15),
(25, 'Tx TRUD250', 1, '2023-10-23 11:39:42', '2023-11-13 18:43:55', 11, 16),
(26, 'Encoder LP211', 1, '2023-10-23 11:39:42', '2023-11-13 18:43:55', 11, 16),
(27, 'Encodulator 3542', 1, '2023-10-23 11:39:42', '2023-11-13 18:43:55', 11, 16),
(28, 'MUX VS', 1, '2023-10-23 11:39:42', '2023-11-13 18:43:55', 11, 16),
(29, 'Modulador MIST13', 1, '2023-10-23 11:39:42', '2023-11-13 18:43:55', 11, 16),
(32, 'Encodulator Dexin 3542', 1, '2023-10-25 12:53:33', '2023-11-13 18:43:55', 11, 30),
(33, 'Tx TRUD500', 1, '2023-10-25 12:53:33', '2023-11-13 18:43:55', 11, 30),
(34, 'Encodulator Dexin 3542', 1, '2023-10-25 13:05:56', '2023-11-13 18:43:55', 11, 31),
(35, 'Tx TRUD250', 1, '2023-10-25 13:05:56', '2023-11-13 18:43:55', 11, 31),
(37, 'Encoder VS ECD-3000 HDMI', 2, '2023-10-26 14:14:40', '2023-11-13 18:43:55', 11, 32),
(38, 'MUX  VS MCMP-3100', 1, '2023-10-26 14:14:40', '2023-11-13 18:43:55', 11, 32),
(39, 'switch aruba', 2, '2023-10-26 14:14:40', '2023-11-13 18:43:55', 11, 32),
(40, 'DESCOMPR VS DCMP500', 2, '2023-10-26 14:14:40', '2023-11-13 18:43:55', 11, 32),
(41, 'Modulador VS DMOD-1000i', 1, '2023-10-26 14:14:40', '2023-11-13 18:43:55', 11, 32),
(42, 'Tx TRUD2400', 1, '2023-10-26 14:14:40', '2023-11-13 18:43:55', 11, 32),
(43, 'Tx TRUD250 CH20', 1, '2023-11-03 10:17:34', '2023-11-13 18:43:55', 11, 33),
(44, 'Encodulator NDS3542', 2, '2023-11-03 10:17:34', '2023-11-13 18:43:55', 11, 33),
(47, 'Tx TRUD500 CTM', 1, '2023-11-09 11:34:53', '2023-11-13 18:43:55', 11, 35),
(48, 'Encoder 2 entrdas HD y SD', 1, '2023-11-09 11:34:53', '2023-11-13 18:43:55', 11, 35),
(49, 'Mux videoswitch dmux3000', 1, '2023-11-09 11:34:53', '2023-11-13 18:43:55', 11, 35),
(50, 'mod digital mist-13', 1, '2023-11-09 11:34:53', '2023-11-14 15:14:54', 11, 35),
(51, 'Encoder IP LA214', 2, '2023-11-17 10:42:48', '2023-11-17 13:13:15', 10, 36),
(52, 'Switch HP', 3, '2023-11-17 10:42:48', '2023-11-17 13:12:35', 10, 36),
(53, 'Mux DMUX-1000', 2, '2023-11-17 10:42:48', '2023-11-17 13:15:23', 10, 36),
(54, 'Mux VS DMUX-500 backup', 1, '2023-11-17 10:42:48', '2023-11-17 10:42:48', 10, 36),
(55, 'Modulador ISDB MIST-13', 2, '2023-11-17 10:42:48', '2023-11-17 13:13:31', 10, 36),
(56, 'Tx TRUD500', 1, '2023-11-17 10:42:48', '2023-11-17 10:42:48', 10, 36),
(57, 'Filtro de mascara UHF', 2, '2023-11-17 10:42:48', '2023-11-17 13:12:54', 10, 36),
(58, 'Tx TRUD250/70', 1, '2023-11-17 12:26:27', '2023-11-17 12:26:27', 10, 36),
(59, ' colors', 12, '2023-11-18 02:11:59', '2023-11-18 11:47:01', 10, 36);

-- --------------------------------------------------------

--
-- Estructura de tabla para la tabla `domicilio`
--

DROP TABLE IF EXISTS `domicilio`;
CREATE TABLE IF NOT EXISTS `domicilio` (
  `id` int(11) NOT NULL AUTO_INCREMENT,
  `direccion` varchar(150) DEFAULT NULL,
  `localidad_id` int(11) DEFAULT NULL,
  PRIMARY KEY (`id`),
  KEY `localidad_id` (`localidad_id`)
) ENGINE=InnoDB AUTO_INCREMENT=40 DEFAULT CHARSET=utf8;

--
-- Volcado de datos para la tabla `domicilio`
--

INSERT INTO `domicilio` (`id`, `direccion`, `localidad_id`) VALUES
(25, 'San Martin 1284', 1525),
(26, 'Güemes 133', 1925),
(27, 'Luis Vernet 6654', 536),
(28, 'Revisar direccion', 1986),
(29, 'Revisar direccion', 1758),
(30, 'Eva Peron 56', 1598),
(31, 'Mitre 76', 1565),
(32, 'avda Ramirez 1518', 1515),
(33, 'Concejal Veiga 777', 1565),
(34, '', NULL);

-- --------------------------------------------------------

--
-- Estructura de tabla para la tabla `equipment`
--

DROP TABLE IF EXISTS `equipment`;
CREATE TABLE IF NOT EXISTS `equipment` (
  `id` int(11) NOT NULL AUTO_INCREMENT,
  `numSerie` varchar(11) DEFAULT NULL,
  `anio` varchar(4) DEFAULT NULL,
  `date_created` datetime NOT NULL DEFAULT CURRENT_TIMESTAMP,
  `date_modified` datetime NOT NULL DEFAULT CURRENT_TIMESTAMP,
  `content` varchar(1000) DEFAULT NULL,
  `caratula_file` varchar(50) DEFAULT NULL,
  `etiqueta_file` varchar(50) DEFAULT NULL,
  `user_id` int(11) NOT NULL,
  `modelo_id` int(11) NOT NULL,
  `frecuencia_id` int(11) DEFAULT NULL,
  `detalle_trabajo_id` int(11) NOT NULL,
  `color_id` int(11) DEFAULT NULL,
  PRIMARY KEY (`id`),
  KEY `user_id` (`user_id`),
  KEY `equipment_modelo` (`modelo_id`),
  KEY `equipment_canal_frecuencia` (`frecuencia_id`),
  KEY `eq_detalle` (`detalle_trabajo_id`),
  KEY `eq_color` (`color_id`)
) ENGINE=InnoDB AUTO_INCREMENT=187 DEFAULT CHARSET=utf8;

--
-- Volcado de datos para la tabla `equipment`
--

INSERT INTO `equipment` (`id`, `numSerie`, `anio`, `date_created`, `date_modified`, `content`, `caratula_file`, `etiqueta_file`, `user_id`, `modelo_id`, `frecuencia_id`, `detalle_trabajo_id`, `color_id`) VALUES
(95, '3/1122', '2023', '2023-10-20 19:08:32', '2023-11-18 23:39:16', 'IP: 10.0.0.85 ', NULL, NULL, 1, 10, NULL, 14, 7),
(96, NULL, '2022', '2023-10-20 22:51:31', '2023-11-18 23:40:17', 'IP: 10.0.0.96', NULL, NULL, 1, 34, 18, 13, 2),
(99, NULL, '2022', '2023-10-20 22:51:31', '2023-11-18 23:40:59', 'IP: 10.0.0.95', NULL, NULL, 1, 69, NULL, 10, 2),
(100, NULL, 'N/D', '2023-10-20 22:51:31', '2023-10-26 15:16:11', 'IP: 10.0.0.94', NULL, NULL, 1, 69, NULL, 10, NULL),
(101, NULL, '2022', '2023-10-20 22:51:31', '2023-10-23 10:36:00', 'IP: 10.0.0.90\r\nsalida IP\r\nMultiplex vs entrada IP: 224.2.2.2 port 2234. IP : 10.0.0.88', NULL, NULL, 1, 37, 18, 9, NULL),
(102, NULL, '2020', '2023-10-20 22:51:31', '2023-10-22 11:42:20', '(solo #1 a 9Mb + 2 FM 1M5 c/u) \r\nIP: 10.0.0.89', NULL, NULL, 1, 58, NULL, 8, NULL),
(106, '4/1122', '2022', '2023-10-21 00:19:20', '2023-11-18 23:41:36', 'IP: 192.168.1.90(?) or 192.168.1.210', NULL, NULL, 1, 56, 18, 11, NULL),
(108, '1/1221', '2021', '2023-10-22 11:33:10', '2023-10-23 10:39:19', 'Potencia de salida RMS 150W', NULL, NULL, 1, 13, 29, 16, NULL),
(109, NULL, '2020', '2023-10-22 11:33:10', '2023-10-23 10:39:43', 'tiene 2 señales 7,5Mb.. quiere agregar 3er señal\r\nla señal viaja via fibra SDI 4 pelos convierte a HDMI', NULL, NULL, 1, 58, 29, 17, NULL),
(110, '3/1221', '2021', '2023-10-22 14:53:12', '2023-10-26 11:58:07', 'TRUD1000 CTM instalada\r\nIP: 10.6.0.205', NULL, NULL, 1, 19, 21, 24, NULL),
(111, NULL, '2020', '2023-10-22 14:53:12', '2023-10-26 11:58:26', '10.6.0.201	NIT= 21.1 	BTS-MFN', NULL, NULL, 1, 61, 21, 23, NULL),
(112, NULL, '2022', '2023-10-22 14:53:12', '2023-10-26 11:58:47', 'IP: 10.6.0.202	\r\ncapa A 13 seg\r\n64QAM \r\n5/6 \r\n1/16\r\ningresa IP multicast 224.2.2.2 puerto 12000', NULL, NULL, 1, 36, 21, 22, NULL),
(113, NULL, '2020', '2023-10-22 14:53:12', '2023-10-27 11:54:42', 'MASTER 	\r\n192.168.0.20 \r\nuser:ubnt \r\npass:ubnt	\r\nnombre de link: JTA24G \r\npassword: jesusteama', NULL, NULL, 1, 59, NULL, 21, NULL),
(114, NULL, '2020', '2023-10-22 14:53:12', '2023-10-27 12:04:30', 'SLAVE	\r\n192.168.0.21 \r\nuser: ubnt \r\npass: ubnt	\r\nnombre de link: JTA24G \r\npassword: jesusteama', NULL, NULL, 1, 59, NULL, 21, NULL),
(115, NULL, '2020', '2023-10-22 14:53:12', '2023-10-22 15:42:31', 'ARUBA 1930\r\nIP 192.168.1.1', NULL, NULL, 1, 49, NULL, 20, NULL),
(116, NULL, '2020', '2023-10-22 14:53:12', '2023-10-22 15:42:06', 'ARUBA 1930', NULL, NULL, 1, 49, NULL, 20, NULL),
(117, NULL, 'N/D', '2023-10-22 14:53:12', '2023-10-22 14:53:12', 'IP: 172.20.3.130\r\n8 entradas HDMI\r\n#1 8MBps \"JTA TV\" high profile 1920x1080\r\n#3 8MBps \"JTA DEPORTES\" high profile 1920x1080\r\nSalida IP 224.2.2.2 12000 hasta 12008', NULL, NULL, 1, 60, NULL, 19, NULL),
(118, NULL, 'N/D', '2023-10-22 15:40:14', '2023-11-11 15:21:07', '192.168.0.30 	nombre=\"JTA TV\" \r\nbitrate= 8M ENtrada HDMI \r\nIP OUT 224.2.2.2 puerto 12000', NULL, NULL, 1, 38, NULL, 18, NULL),
(119, '2/1122', '2020', '2023-10-23 10:21:21', '2023-11-09 11:11:22', '10.0.0.86\r\ninstalado en CRESPO. \r\nEn primer lugar fue a préstamo un TRUD500', '220516-2_1122_caratula.pdf', '220516-2_1122.pdf', 1, 20, 18, 12, NULL),
(121, '2/1218', '2018', '2023-10-23 11:39:42', '2023-11-13 18:05:35', '', NULL, NULL, 1, 55, 31, 29, NULL),
(122, NULL, '2018', '2023-10-23 11:39:42', '2023-10-23 11:39:42', '192.168.0.40', NULL, NULL, 1, 37, 31, 28, NULL),
(123, NULL, '2018', '2023-10-23 11:39:42', '2023-10-26 12:00:27', ' 192.168.0.136\r\nusa conversor hdmi, no funciona SDI\r\nLo usa de BACKUP', NULL, NULL, 1, 58, 31, 27, NULL),
(124, '1/1218', '2018', '2023-10-23 11:39:42', '2023-10-26 15:32:01', '', NULL, NULL, 1, 13, 31, 25, NULL),
(125, NULL, '2018', '2023-10-23 11:39:42', '2023-10-23 11:39:42', 'HDMI sin webbrower usar SNMP 192.168.0.30', NULL, NULL, 1, 38, NULL, 26, NULL),
(126, '1/1023', '2023', '2023-10-25 12:53:33', '2023-10-25 12:53:33', 'sin pre corrección', NULL, NULL, 1, 15, 19, 33, NULL),
(127, NULL, '2023', '2023-10-25 12:53:33', '2023-10-25 12:53:33', 'IP 192.168.1.136\r\nchannel #1 GUANACO PLAY 9M\r\nchannel #3 CHINGUI CHINGUI 4M5\r\nchannel #4 DYNAMIS TV 4M5\r\n\r\nRF OUT -5dBm 64qam 1/32 7/8', NULL, NULL, 1, 58, 19, 32, NULL),
(128, '1/0322', '2022', '2023-10-25 13:05:56', '2023-10-25 13:16:08', '', NULL, NULL, 1, 13, 16, 35, NULL),
(129, NULL, '2022', '2023-10-25 13:05:56', '2023-10-26 09:09:09', 'IP: 192.168.1.136\r\n16QAM modo3 conv 5/6 IG: 1/16\r\n#1 señal 9 MBps \"FIVE TV\"\r\n#2 señal 3,5 MBps \"TV Channel\"\r\nMPEG2 audio, para mejor recepción a pedido del cliente', NULL, NULL, 1, 58, 16, 34, NULL),
(130, '1/1223', '2023', '2023-10-26 14:14:40', '2023-10-26 15:09:05', '192.168.1.100', NULL, NULL, 1, 67, NULL, 42, NULL),
(131, NULL, '2023', '2023-10-26 15:03:10', '2023-10-26 15:03:10', '192.168.1.101  S/N:01-0102-5522', NULL, NULL, 1, 34, NULL, 41, NULL),
(132, NULL, '2023', '2023-10-26 15:03:10', '2023-10-26 15:03:10', '192.168.1.102 S/N:01-0102-6184', NULL, NULL, 1, 69, NULL, 40, NULL),
(133, NULL, '2023', '2023-10-26 15:03:10', '2023-10-26 15:03:10', '192.168.1.106 S/N:01-0102-6183', NULL, NULL, 1, 69, NULL, 40, NULL),
(134, NULL, '2023', '2023-10-26 15:03:10', '2023-10-26 15:03:10', 'Aruba', NULL, NULL, 1, 49, NULL, 39, NULL),
(135, NULL, '2023', '2023-10-26 15:03:10', '2023-10-26 15:03:10', 'Aruba', NULL, NULL, 1, 49, NULL, 39, NULL),
(136, NULL, '2023', '2023-10-26 15:03:10', '2023-10-26 15:03:10', '192.168.1.103 S/N:01-0102-6182', NULL, NULL, 1, 54, NULL, 38, NULL),
(137, NULL, '2023', '2023-10-26 15:03:10', '2023-10-26 15:03:10', 'HDMI 192.168.1.104 one-seg y HD 9Mb S/N:01-0102-6142\r\n', NULL, NULL, 1, 70, NULL, 37, NULL),
(138, NULL, '2023', '2023-10-26 15:03:10', '2023-10-26 15:03:10', 'HDMI 192.168.1.105 (idem repuesto) S/N:01-0102-6181\r\n', NULL, NULL, 1, 70, NULL, 37, NULL),
(140, '', '2018', '2023-11-03 10:17:34', '2023-11-03 10:17:34', '#1 \r\nNDS3542\r\n172.30.9.8 \r\n20.1 	7 Mbps Municipalidad de Concordia 1\r\n20.2	        3 Mbps Municipalidad de Concordia 2\r\n64QAM 1/16 3/4 RF -14,5dBm', NULL, NULL, 1, 58, 20, 44, NULL),
(141, '', '2018', '2023-11-03 10:17:34', '2023-11-03 10:17:34', '#2 \r\nNDS3542 (usa solo encoder, replicado el modulador)\r\n172.30.9.9 \r\n20.3	   3 Mbps Direccion Electrotécnica y comunicaciones 1\r\n20.4    3 Mbps Direccion Electrotécnica y comunicaciones 2', NULL, NULL, 1, 58, 20, 44, NULL),
(142, '1/0218', '2018', '2023-11-08 13:27:23', '2023-11-08 16:36:59', 'ex TRU400 linealizado', '180102-1_0218_caratula.pdf', '180102-1_0218.pdf', 1, 13, 20, 43, NULL),
(143, '2/0219', '2019', '2023-11-09 11:34:53', '2023-11-09 11:34:53', '192.168.1.90', NULL, NULL, 1, 55, 16, 50, NULL),
(144, '', '2019', '2023-11-09 11:34:53', '2023-11-09 11:34:53', '192.168.1.40', NULL, NULL, 1, 37, 16, 49, NULL),
(145, '', '2019', '2023-11-09 11:34:53', '2023-11-09 11:34:53', '192.168.1.30', NULL, NULL, 1, 58, NULL, 48, NULL),
(146, '1/0219', '2019', '2023-11-09 11:34:53', '2023-11-09 11:34:53', '192.168.1.100', NULL, NULL, 1, 15, 16, 47, NULL),
(154, '1/1122', '2022', '2023-11-10 15:55:00', '2023-11-18 23:39:59', '10.0.0.85 instalado en PARANA', '220516-1_1122_caratula.pdf', '220516-1_1122.pdf', 1, 20, 18, 12, 2),
(155, NULL, '2017', '2023-11-17 10:42:48', '2023-11-17 12:23:25', '4-1 SNMP	\r\n192.168.1.30\r\nsalidas IP 224.2.2.2 12001/3\r\n1 - MULTIVISIÓN HD 8M\r\n2 - SIN NOMBRE SD 3M\r\n3 - SIN NOMBRE/SIN SEÑAL SD 3M', NULL, NULL, 10, 72, NULL, 51, NULL),
(156, '', '2017', '2023-11-17 10:42:48', '2023-11-17 10:42:48', 'HP.192.168.1.2  admin :: blank\r\n! Port 1: VLAN 1+5 (Enlace Fibra)\r\n! Port 2: VLAN 1 (NMS Encoder)\r\n! Port 3: VLAN 1\r\n! Port 4: VLAN 1 (PC Control)\r\n! Port 5: VLAN 5 (DATA Encoder, video MPTS)\r\n! Port 6: VLAN 5 ()\r\n! Port 7: VLAN 1\r\n! Port 8: VLAN 1 (Notebook Control)', NULL, NULL, 10, 49, NULL, 52, NULL),
(157, '', '2017', '2023-11-17 10:42:48', '2023-11-17 10:42:48', 'Switch Planta Transmisora (IP 192.168.1.1):\r\n! Port 1: VLAN 1+5 (Enlace Fibra)\r\n! Port 2: VLAN 1 (Control Mux)\r\n! Port 3: VLAN 1\r\n! Port 4: VLAN 1 (Control Modulador)\r\n! Port 5: VLAN 5 (GbE1 Mux)\r\n! Port 6: VLAN 1 (Control TRUD500)\r\n! Port 7: VLAN 1 (Control equipo analógico)\r\n! Port 8: VLAN 1', NULL, NULL, 10, 49, NULL, 52, NULL),
(158, '1/0117', '2017', '2023-11-17 11:58:28', '2023-11-17 13:21:21', '192.168.1.100', NULL, NULL, 10, 15, 35, 56, NULL),
(159, NULL, '2017', '2023-11-17 11:59:56', '2023-11-17 12:09:38', '192.168.1.40\r\nSe usa la salida \"BTS MONITOR\" la salida ASI parece no andar\r\nModo 3 - IG=1/8\r\nLA=1 QPSK\r\nLB=12 64QAM', NULL, NULL, 10, 74, 35, 53, NULL),
(160, '', '2017', '2023-11-17 12:09:29', '2023-11-17 12:09:29', '', NULL, NULL, 10, 73, 35, 57, NULL),
(161, '2/0117', '2017', '2023-11-17 12:19:28', '2023-11-17 12:20:07', '64QAM 1/16\r\n192.168.1.90\r\n', NULL, NULL, 10, 55, 35, 55, NULL),
(162, '', '2017', '2023-11-17 12:20:46', '2023-11-17 12:20:46', 'Modo 3 - IG=1/8\r\nLA=1 QPSK\r\nLB=12 64QAM\r\n192.168.1.40', NULL, NULL, 10, 36, 35, 54, NULL),
(163, NULL, '2017', '2023-11-17 12:26:27', '2023-11-18 12:10:52', '192.168.0.30\r\nSDI HD\r\nSDI SD\r\nSDI SD\r\nSDI SD', NULL, NULL, 10, 72, NULL, 51, 1),
(164, NULL, '2017', '2023-11-17 12:26:27', '2023-11-18 12:10:39', '', NULL, NULL, 10, 49, NULL, 52, 1),
(165, '3/0117', '2017', '2023-11-17 12:26:27', '2023-11-18 12:06:19', '192.168.0.100', NULL, NULL, 10, 13, 35, 58, 1),
(166, NULL, '2017', '2023-11-17 12:26:27', '2023-11-18 01:49:37', '', NULL, NULL, 10, 73, 35, 57, 1),
(167, '4/0117', '2017', '2023-11-17 12:26:27', '2023-11-18 01:49:45', 'IP: 192.168.0.90', NULL, NULL, 10, 55, 35, 55, 1),
(168, NULL, '2017', '2023-11-17 12:26:27', '2023-11-18 01:49:53', 'Modo 3 - IG=1/8\r\nLA=1 QPSK\r\nLB=12 64QAM\r\n192.168.0.40', NULL, NULL, 10, 74, 35, 53, 1),
(171, NULL, '2021', '2023-11-18 02:11:59', '2023-11-18 23:26:47', '', NULL, NULL, 10, 34, NULL, 59, 1),
(172, NULL, '2022', '2023-11-18 02:11:59', '2023-11-18 17:37:53', '', NULL, NULL, 10, 69, NULL, 59, 5),
(173, NULL, '2022', '2023-11-18 02:11:59', '2023-11-18 12:12:26', '', NULL, NULL, 10, 68, NULL, 59, 3),
(174, NULL, '2021', '2023-11-18 02:11:59', '2023-11-18 12:12:23', '', NULL, NULL, 10, 34, NULL, 59, 4),
(175, NULL, '2022', '2023-11-18 02:11:59', '2023-11-18 12:12:19', '', NULL, NULL, 10, 34, NULL, 59, 5),
(176, NULL, '2022', '2023-11-18 02:11:59', '2023-11-18 12:12:14', '', NULL, NULL, 10, 34, NULL, 59, 6),
(177, NULL, '2020', '2023-11-18 02:11:59', '2023-11-18 12:12:10', '', NULL, NULL, 10, 74, NULL, 59, 7),
(178, NULL, '2021', '2023-11-18 02:11:59', '2023-11-18 12:12:06', '', NULL, NULL, 10, 68, NULL, 59, 8),
(179, NULL, '2020', '2023-11-18 02:11:59', '2023-11-18 12:12:01', '', NULL, NULL, 10, 68, NULL, 59, 9),
(183, NULL, '2023', '2023-11-18 11:38:23', '2023-11-18 12:11:55', '', NULL, NULL, 10, 34, NULL, 59, 10);

-- --------------------------------------------------------

--
-- Estructura de tabla para la tabla `estado_or`
--

DROP TABLE IF EXISTS `estado_or`;
CREATE TABLE IF NOT EXISTS `estado_or` (
  `id` int(11) NOT NULL AUTO_INCREMENT,
  `descripcion` varchar(15) DEFAULT NULL,
  PRIMARY KEY (`id`)
) ENGINE=InnoDB AUTO_INCREMENT=5 DEFAULT CHARSET=utf8;

--
-- Volcado de datos para la tabla `estado_or`
--

INSERT INTO `estado_or` (`id`, `descripcion`) VALUES
(1, 'Creada'),
(2, 'Asignada'),
(3, 'Anulada'),
(4, 'Resuelta');

-- --------------------------------------------------------

--
-- Estructura de tabla para la tabla `estado_ot`
--

DROP TABLE IF EXISTS `estado_ot`;
CREATE TABLE IF NOT EXISTS `estado_ot` (
  `id` int(11) NOT NULL AUTO_INCREMENT,
  `descripcion` varchar(15) DEFAULT NULL,
  PRIMARY KEY (`id`)
) ENGINE=InnoDB AUTO_INCREMENT=5 DEFAULT CHARSET=utf8;

--
-- Volcado de datos para la tabla `estado_ot`
--

INSERT INTO `estado_ot` (`id`, `descripcion`) VALUES
(1, 'Producción'),
(2, 'Terminada'),
(3, 'Entregada'),
(4, 'Cancelada');

-- --------------------------------------------------------

--
-- Estructura de tabla para la tabla `frecuencia`
--

DROP TABLE IF EXISTS `frecuencia`;
CREATE TABLE IF NOT EXISTS `frecuencia` (
  `id` int(11) NOT NULL AUTO_INCREMENT,
  `canal` varchar(50) NOT NULL,
  `unidad_id` int(11) NOT NULL DEFAULT '6',
  PRIMARY KEY (`id`),
  KEY `frec_unidad` (`unidad_id`)
) ENGINE=InnoDB AUTO_INCREMENT=322 DEFAULT CHARSET=utf8;

--
-- Volcado de datos para la tabla `frecuencia`
--

INSERT INTO `frecuencia` (`id`, `canal`, `unidad_id`) VALUES
(1, '1', 4),
(2, '2', 4),
(3, '3', 4),
(4, '4', 4),
(5, '5', 4),
(6, '6', 4),
(7, '7', 4),
(8, '8', 4),
(9, '9', 4),
(10, '10', 4),
(11, '11', 4),
(12, '12', 4),
(13, '13', 4),
(14, '14', 5),
(15, '15', 5),
(16, '16', 5),
(17, '17', 5),
(18, '18', 5),
(19, '19', 5),
(20, '20', 5),
(21, '21', 5),
(22, '22', 5),
(23, '23', 5),
(24, '24', 5),
(25, '25', 5),
(26, '26', 5),
(27, '27', 5),
(28, '28', 5),
(29, '29', 5),
(30, '30', 5),
(31, '31', 5),
(32, '32', 5),
(33, '33', 5),
(34, '34', 5),
(35, '35', 5),
(36, '36', 5),
(37, '37', 5),
(38, '38', 5),
(39, '39', 5),
(40, '40', 5),
(41, '41', 5),
(42, '42', 5),
(43, '43', 5),
(44, '44', 5),
(45, '45', 5),
(46, '46', 5),
(47, '47', 5),
(48, '48', 5),
(49, '49', 5),
(50, '50', 5),
(51, '51', 5),
(52, '52', 5),
(53, '53', 5),
(54, '54', 5),
(55, '55', 5),
(56, '56', 5),
(57, '57', 5),
(58, '58', 5),
(59, '59', 5),
(60, '60', 5),
(61, '61', 5),
(62, '62', 5),
(63, '63', 5),
(64, '64', 5),
(65, '65', 5),
(66, '66', 5),
(67, '67', 5),
(68, '68', 5),
(69, '69', 5),
(70, '70', 5),
(71, '71', 5),
(72, '72', 5),
(73, '73', 5),
(74, '74', 5),
(75, '75', 5),
(76, '76', 5),
(77, '77', 5),
(78, '78', 5),
(79, '79', 5),
(80, '80', 5),
(81, '81', 5),
(82, '82', 5),
(83, '83', 5),
(84, '84', 5),
(85, '85', 5),
(86, '86', 5),
(87, '87', 5),
(88, '88', 5),
(89, '89', 5),
(90, '90', 5),
(91, '91', 5),
(92, '92', 5),
(93, '93', 5),
(94, '94', 5),
(95, '95', 5),
(96, '96', 5),
(97, '97', 5),
(98, '98', 5),
(99, '99', 5),
(100, '87.9', 2),
(101, '88.1', 2),
(102, '88.3', 2),
(103, '88.5', 2),
(104, '88.7', 2),
(105, '88.9', 2),
(106, '89.1', 2),
(107, '89.3', 2),
(108, '89.5', 2),
(109, '89.7', 2),
(110, '89.9', 2),
(111, '90.1', 2),
(112, '90.3', 2),
(113, '90.5', 2),
(114, '90.7', 2),
(115, '90.9', 2),
(116, '91.1', 2),
(117, '91.3', 2),
(118, '91.5', 2),
(119, '91.7', 2),
(120, '91.9', 2),
(121, '92.1', 2),
(122, '92.3', 2),
(123, '92.5', 2),
(124, '92.7', 2),
(125, '92.9', 2),
(126, '93.1', 2),
(127, '93.3', 2),
(128, '93.5', 2),
(129, '93.7', 2),
(130, '93.9', 2),
(131, '94.1', 2),
(132, '94.3', 2),
(133, '94.5', 2),
(134, '94.7', 2),
(135, '94.9', 2),
(136, '95.1', 2),
(137, '95.3', 2),
(138, '95.5', 2),
(139, '95.7', 2),
(140, '95.9', 2),
(141, '96.1', 2),
(142, '96.3', 2),
(143, '96.5', 2),
(144, '96.7', 2),
(145, '96.9', 2),
(146, '97.1', 2),
(147, '97.3', 2),
(148, '97.5', 2),
(149, '97.7', 2),
(150, '97.9', 2),
(151, '98.1', 2),
(152, '98.3', 2),
(153, '98.5', 2),
(154, '98.7', 2),
(155, '98.9', 2),
(156, '99.1', 2),
(157, '99.3', 2),
(158, '99.5', 2),
(159, '99.7', 2),
(160, '99.9', 2),
(161, '100.1', 2),
(162, '100.3', 2),
(163, '100.5', 2),
(164, '100.7', 2),
(165, '100.9', 2),
(166, '101.1', 2),
(167, '101.3', 2),
(168, '101.5', 2),
(169, '101.7', 2),
(170, '101.9', 2),
(171, '102.1', 2),
(172, '102.3', 2),
(173, '102.5', 2),
(174, '102.7', 2),
(175, '102.9', 2),
(176, '103.1', 2),
(177, '103.3', 2),
(178, '103.5', 2),
(179, '103.7', 2),
(180, '103.9', 2),
(181, '104.1', 2),
(182, '104.3', 2),
(183, '104.5', 2),
(184, '104.7', 2),
(185, '104.9', 2),
(186, '105.1', 2),
(187, '105.3', 2),
(188, '105.5', 2),
(189, '105.7', 2),
(190, '105.9', 2),
(191, '106.1', 2),
(192, '106.3', 2),
(193, '106.5', 2),
(194, '106.7', 2),
(195, '106.9', 2),
(196, '107.1', 2),
(197, '107.3', 2),
(198, '107.5', 2),
(199, '107.7', 2),
(200, '107.9', 2),
(201, '540', 1),
(202, '550', 1),
(203, '560', 1),
(204, '570', 1),
(205, '580', 1),
(206, '590', 1),
(207, '600', 1),
(208, '610', 1),
(209, '620', 1),
(210, '630', 1),
(211, '640', 1),
(212, '650', 1),
(213, '660', 1),
(214, '670', 1),
(215, '680', 1),
(216, '690', 1),
(217, '700', 1),
(218, '710', 1),
(219, '720', 1),
(220, '730', 1),
(221, '740', 1),
(222, '750', 1),
(223, '760', 1),
(224, '770', 1),
(225, '780', 1),
(226, '790', 1),
(227, '800', 1),
(228, '810', 1),
(229, '820', 1),
(230, '830', 1),
(231, '840', 1),
(232, '850', 1),
(233, '860', 1),
(234, '870', 1),
(235, '880', 1),
(236, '890', 1),
(237, '900', 1),
(238, '910', 1),
(239, '920', 1),
(240, '930', 1),
(241, '940', 1),
(242, '950', 1),
(243, '960', 1),
(244, '970', 1),
(245, '980', 1),
(246, '990', 1),
(247, '1000', 1),
(248, '1010', 1),
(249, '1020', 1),
(250, '1030', 1),
(251, '1040', 1),
(252, '1050', 1),
(253, '1060', 1),
(254, '1070', 1),
(255, '1080', 1),
(256, '1090', 1),
(257, '1100', 1),
(258, '1110', 1),
(259, '1120', 1),
(260, '1130', 1),
(261, '1140', 1),
(262, '1150', 1),
(263, '1160', 1),
(264, '1170', 1),
(265, '1180', 1),
(266, '1190', 1),
(267, '1200', 1),
(268, '1210', 1),
(269, '1220', 1),
(270, '1230', 1),
(271, '1240', 1),
(272, '1250', 1),
(273, '1260', 1),
(274, '1270', 1),
(275, '1280', 1),
(276, '1290', 1),
(277, '1300', 1),
(278, '1310', 1),
(279, '1320', 1),
(280, '1330', 1),
(281, '1340', 1),
(282, '1350', 1),
(283, '1360', 1),
(284, '1370', 1),
(285, '1380', 1),
(286, '1390', 1),
(287, '1400', 1),
(288, '1410', 1),
(289, '1420', 1),
(290, '1430', 1),
(291, '1440', 1),
(292, '1450', 1),
(293, '1460', 1),
(294, '1470', 1),
(295, '1480', 1),
(296, '1490', 1),
(297, '1500', 1),
(298, '1510', 1),
(299, '1520', 1),
(300, '1530', 1),
(301, '1540', 1),
(302, '1550', 1),
(303, '1560', 1),
(304, '1570', 1),
(305, '1580', 1),
(306, '1590', 1),
(307, '1600', 1),
(308, '1610', 1),
(309, '1620', 1),
(310, '1630', 1),
(311, '1640', 1),
(312, '1650', 1),
(313, '1660', 1),
(314, '1670', 1),
(315, '1680', 1),
(316, '1690', 1),
(317, '1700', 1),
(318, '2,4', 3),
(319, '5', 3),
(320, '11', 3),
(321, '24', 3);

-- --------------------------------------------------------

--
-- Estructura de tabla para la tabla `historia`
--

DROP TABLE IF EXISTS `historia`;
CREATE TABLE IF NOT EXISTS `historia` (
  `id` int(11) NOT NULL AUTO_INCREMENT,
  `title` varchar(250) NOT NULL,
  `date_created` datetime NOT NULL DEFAULT CURRENT_TIMESTAMP,
  `date_modified` datetime NOT NULL DEFAULT CURRENT_TIMESTAMP,
  `content` varchar(1000) DEFAULT NULL,
  `tipo_historia_id` int(11) NOT NULL,
  `equipo_id` int(11) DEFAULT NULL,
  `user_id` int(11) NOT NULL,
  PRIMARY KEY (`id`),
  KEY `user_id` (`user_id`),
  KEY `equipment_id` (`equipo_id`),
  KEY `historia_tipo` (`tipo_historia_id`)
) ENGINE=InnoDB AUTO_INCREMENT=75 DEFAULT CHARSET=utf8;

--
-- Volcado de datos para la tabla `historia`
--

INSERT INTO `historia` (`id`, `title`, `date_created`, `date_modified`, `content`, `tipo_historia_id`, `equipo_id`, `user_id`) VALUES
(60, 'Falla FM5K', '2022-10-06 11:33:10', '2022-10-06 11:33:10', 'Falla Tx', 2, 95, 1),
(61, 'Calidad de señal', '2021-10-22 11:33:10', '2023-10-22 11:33:10', 'recibe la señal en 720 bien, pero no en 1080... problema de conversor parece (no nuestro).', 1, 109, 1),
(62, '4 señales', '2021-10-22 11:33:10', '2023-10-22 11:33:10', 'se agregaron las 4 señales\r\n#1: 6M  - #2#3#4: 3M', 3, 109, 1),
(63, 'Falla PD', '2021-03-02 11:39:42', '2021-03-02 11:39:42', 'el TX presenta falla de ROE.. 30W de PR sobre 170 de PD (queda a revisar por parte de busso)', 2, 124, 1),
(64, 'Equipo backup', '2021-06-24 11:39:42', '2021-06-21 11:39:42', 'se instalo Dexin 3542 (backup) \r\ncon salida a -22,4 dbm para una Pot de 187W RMS TRUD250 iSAL=14,7A max', 3, 123, 1),
(65, 'Falla audio', '2023-10-23 13:02:45', '2023-10-23 13:02:45', 'Con el sistema del modulador MIST-13, recibe bien señal de video, pero no de audio', 1, 124, 1),
(66, 'Nueva señal', '2023-10-25 12:53:33', '2023-10-25 12:53:33', 'se agregó señal #3, chingui chingui d 4M5', 3, 127, 1),
(67, 'Ficha alimentación', '2023-03-07 13:05:56', '2023-03-07 13:05:56', 'falla en la ficha de alimentación del mod, se asistió por teléfono para encontrar la falla y fue resuelta', 2, 129, 1),
(68, 'Nueva señal', '2023-04-19 13:05:56', '2023-04-19 13:05:56', 'se agrega señal 16.2', 3, 129, 1),
(70, 'Módulo', '2023-11-03 10:17:34', '2023-11-03 10:17:34', 'se reparó un módulo', 2, 140, 1),
(71, 'Reparación RF', '2023-11-08 13:27:23', '2023-11-08 13:27:23', 'se reparó la RF (no hay mayor info al respecto)', 2, 142, 1);

-- --------------------------------------------------------

--
-- Estructura de tabla para la tabla `homologacion`
--

DROP TABLE IF EXISTS `homologacion`;
CREATE TABLE IF NOT EXISTS `homologacion` (
  `id` int(11) NOT NULL AUTO_INCREMENT,
  `codigo` varchar(15) NOT NULL,
  `modelo` varchar(15) NOT NULL,
  PRIMARY KEY (`id`),
  UNIQUE KEY `uq_homologacion_codigo` (`codigo`),
  UNIQUE KEY `uq_homologacion_modelo` (`modelo`)
) ENGINE=InnoDB AUTO_INCREMENT=13 DEFAULT CHARSET=utf8;

--
-- Volcado de datos para la tabla `homologacion`
--

INSERT INTO `homologacion` (`id`, `codigo`, `modelo`) VALUES
(1, 'H-16503', 'FM50'),
(2, 'H-16505', 'FM100'),
(3, '32-522', 'FM250'),
(4, '32-407', 'FM500'),
(5, 'H-23104', 'FM1000'),
(6, 'H-23105', 'FM2000'),
(7, 'H-22011', 'FM5000'),
(8, 'C-22679', 'FM10.000'),
(9, 'C-15701', 'TRUD250'),
(10, 'C-15697', 'TRUD500'),
(11, 'C-12130', 'TRUD1200'),
(12, '40-155', 'TRV100');

-- --------------------------------------------------------

--
-- Estructura de tabla para la tabla `iibb`
--

DROP TABLE IF EXISTS `iibb`;
CREATE TABLE IF NOT EXISTS `iibb` (
  `jurisdiccion` int(11) NOT NULL,
  `provincia_id` int(11) DEFAULT NULL,
  PRIMARY KEY (`jurisdiccion`),
  UNIQUE KEY `jurisdicción` (`jurisdiccion`),
  KEY `iibb_provincia` (`provincia_id`)
) ENGINE=InnoDB DEFAULT CHARSET=utf8;

--
-- Volcado de datos para la tabla `iibb`
--

INSERT INTO `iibb` (`jurisdiccion`, `provincia_id`) VALUES
(901, 1),
(902, 2),
(903, 3),
(904, 4),
(905, 5),
(908, 6),
(910, 7),
(913, 8),
(912, 9),
(917, 10),
(918, 11),
(919, 12),
(921, 13),
(922, 14),
(924, 15),
(906, 16),
(907, 17),
(909, 18),
(914, 19),
(915, 20),
(911, 21),
(916, 22),
(920, 23),
(923, 24);

-- --------------------------------------------------------

--
-- Estructura de tabla para la tabla `localidad`
--

DROP TABLE IF EXISTS `localidad`;
CREATE TABLE IF NOT EXISTS `localidad` (
  `id` int(11) NOT NULL AUTO_INCREMENT,
  `cp` int(4) DEFAULT NULL,
  `nombre` varchar(50) DEFAULT NULL,
  `provincia_id` int(11) DEFAULT NULL,
  PRIMARY KEY (`id`),
  KEY `ciudad_prov` (`provincia_id`)
) ENGINE=InnoDB AUTO_INCREMENT=2467 DEFAULT CHARSET=utf8;

--
-- Volcado de datos para la tabla `localidad`
--

INSERT INTO `localidad` (`id`, `cp`, `nombre`, `provincia_id`) VALUES
(1, 1000, 'CABA', 1),
(2, 1001, 'CABA', 1),
(3, 1002, 'CABA', 1),
(4, 1003, 'CABA', 1),
(5, 1004, 'CABA', 1),
(6, 1005, 'CABA', 1),
(7, 1006, 'CABA', 1),
(8, 1007, 'CABA', 1),
(9, 1008, 'CABA', 1),
(10, 1009, 'CABA', 1),
(11, 1010, 'CABA', 1),
(12, 1011, 'CABA', 1),
(13, 1012, 'CABA', 1),
(14, 1013, 'CABA', 1),
(15, 1014, 'CABA', 1),
(16, 1015, 'CABA', 1),
(17, 1016, 'CABA', 1),
(18, 1017, 'CABA', 1),
(19, 1018, 'CABA', 1),
(20, 1019, 'CABA', 1),
(21, 1020, 'CABA', 1),
(22, 1021, 'CABA', 1),
(23, 1022, 'CABA', 1),
(24, 1023, 'CABA', 1),
(25, 1024, 'CABA', 1),
(26, 1025, 'CABA', 1),
(27, 1026, 'CABA', 1),
(28, 1027, 'CABA', 1),
(29, 1028, 'CABA', 1),
(30, 1029, 'CABA', 1),
(31, 1030, 'CABA', 1),
(32, 1031, 'CABA', 1),
(33, 1032, 'CABA', 1),
(34, 1033, 'CABA', 1),
(35, 1034, 'CABA', 1),
(36, 1035, 'CABA', 1),
(37, 1036, 'CABA', 1),
(38, 1037, 'CABA', 1),
(39, 1038, 'CABA', 1),
(40, 1039, 'CABA', 1),
(41, 1040, 'CABA', 1),
(42, 1041, 'CABA', 1),
(43, 1042, 'CABA', 1),
(44, 1043, 'CABA', 1),
(45, 1044, 'CABA', 1),
(46, 1045, 'CABA', 1),
(47, 1046, 'CABA', 1),
(48, 1047, 'CABA', 1),
(49, 1048, 'CABA', 1),
(50, 1049, 'CABA', 1),
(51, 1050, 'CABA', 1),
(52, 1051, 'CABA', 1),
(53, 1052, 'CABA', 1),
(54, 1053, 'CABA', 1),
(55, 1054, 'CABA', 1),
(56, 1055, 'CABA', 1),
(57, 1056, 'CABA', 1),
(58, 1057, 'CABA', 1),
(59, 1058, 'CABA', 1),
(60, 1059, 'CABA', 1),
(61, 1060, 'CABA', 1),
(62, 1061, 'CABA', 1),
(63, 1062, 'CABA', 1),
(64, 1063, 'CABA', 1),
(65, 1064, 'CABA', 1),
(66, 1065, 'CABA', 1),
(67, 1066, 'CABA', 1),
(68, 1067, 'CABA', 1),
(69, 1068, 'CABA', 1),
(70, 1069, 'CABA', 1),
(71, 1070, 'CABA', 1),
(72, 1071, 'CABA', 1),
(73, 1072, 'CABA', 1),
(74, 1073, 'CABA', 1),
(75, 1074, 'CABA', 1),
(76, 1075, 'CABA', 1),
(77, 1076, 'CABA', 1),
(78, 1077, 'CABA', 1),
(79, 1078, 'CABA', 1),
(80, 1079, 'CABA', 1),
(81, 1080, 'CABA', 1),
(82, 1081, 'CABA', 1),
(83, 1082, 'CABA', 1),
(84, 1083, 'CABA', 1),
(85, 1084, 'CABA', 1),
(86, 1085, 'CABA', 1),
(87, 1086, 'CABA', 1),
(88, 1087, 'CABA', 1),
(89, 1088, 'CABA', 1),
(90, 1089, 'CABA', 1),
(91, 1090, 'CABA', 1),
(92, 1091, 'CABA', 1),
(93, 1092, 'CABA', 1),
(94, 1093, 'CABA', 1),
(95, 1094, 'CABA', 1),
(96, 1095, 'CABA', 1),
(97, 1096, 'CABA', 1),
(98, 1097, 'CABA', 1),
(99, 1098, 'CABA', 1),
(100, 1099, 'CABA', 1),
(101, 1100, 'CABA', 1),
(102, 1101, 'CABA', 1),
(103, 1102, 'CABA', 1),
(104, 1103, 'CABA', 1),
(105, 1104, 'CABA', 1),
(106, 1105, 'CABA', 1),
(107, 1106, 'CABA', 1),
(108, 1107, 'CABA', 1),
(109, 1108, 'CABA', 1),
(110, 1109, 'CABA', 1),
(111, 1110, 'CABA', 1),
(112, 1111, 'CABA', 1),
(113, 1112, 'CABA', 1),
(114, 1113, 'CABA', 1),
(115, 1114, 'CABA', 1),
(116, 1115, 'CABA', 1),
(117, 1116, 'CABA', 1),
(118, 1117, 'CABA', 1),
(119, 1118, 'CABA', 1),
(120, 1119, 'CABA', 1),
(121, 1120, 'CABA', 1),
(122, 1121, 'CABA', 1),
(123, 1122, 'CABA', 1),
(124, 1123, 'CABA', 1),
(125, 1124, 'CABA', 1),
(126, 1125, 'CABA', 1),
(127, 1126, 'CABA', 1),
(128, 1127, 'CABA', 1),
(129, 1128, 'CABA', 1),
(130, 1129, 'CABA', 1),
(131, 1130, 'CABA', 1),
(132, 1131, 'CABA', 1),
(133, 1132, 'CABA', 1),
(134, 1133, 'CABA', 1),
(135, 1134, 'CABA', 1),
(136, 1135, 'CABA', 1),
(137, 1136, 'CABA', 1),
(138, 1137, 'CABA', 1),
(139, 1138, 'CABA', 1),
(140, 1139, 'CABA', 1),
(141, 1140, 'CABA', 1),
(142, 1141, 'CABA', 1),
(143, 1142, 'CABA', 1),
(144, 1143, 'CABA', 1),
(145, 1144, 'CABA', 1),
(146, 1145, 'CABA', 1),
(147, 1146, 'CABA', 1),
(148, 1147, 'CABA', 1),
(149, 1148, 'CABA', 1),
(150, 1149, 'CABA', 1),
(151, 1150, 'CABA', 1),
(152, 1151, 'CABA', 1),
(153, 1152, 'CABA', 1),
(154, 1153, 'CABA', 1),
(155, 1154, 'CABA', 1),
(156, 1155, 'CABA', 1),
(157, 1156, 'CABA', 1),
(158, 1157, 'CABA', 1),
(159, 1158, 'CABA', 1),
(160, 1159, 'CABA', 1),
(161, 1160, 'CABA', 1),
(162, 1161, 'CABA', 1),
(163, 1162, 'CABA', 1),
(164, 1163, 'CABA', 1),
(165, 1164, 'CABA', 1),
(166, 1165, 'CABA', 1),
(167, 1166, 'CABA', 1),
(168, 1167, 'CABA', 1),
(169, 1168, 'CABA', 1),
(170, 1169, 'CABA', 1),
(171, 1170, 'CABA', 1),
(172, 1171, 'CABA', 1),
(173, 1172, 'CABA', 1),
(174, 1173, 'CABA', 1),
(175, 1174, 'CABA', 1),
(176, 1175, 'CABA', 1),
(177, 1176, 'CABA', 1),
(178, 1177, 'CABA', 1),
(179, 1178, 'CABA', 1),
(180, 1179, 'CABA', 1),
(181, 1180, 'CABA', 1),
(182, 1181, 'CABA', 1),
(183, 1182, 'CABA', 1),
(184, 1183, 'CABA', 1),
(185, 1184, 'CABA', 1),
(186, 1185, 'CABA', 1),
(187, 1186, 'CABA', 1),
(188, 1187, 'CABA', 1),
(189, 1188, 'CABA', 1),
(190, 1189, 'CABA', 1),
(191, 1190, 'CABA', 1),
(192, 1191, 'CABA', 1),
(193, 1192, 'CABA', 1),
(194, 1193, 'CABA', 1),
(195, 1194, 'CABA', 1),
(196, 1195, 'CABA', 1),
(197, 1196, 'CABA', 1),
(198, 1197, 'CABA', 1),
(199, 1198, 'CABA', 1),
(200, 1199, 'CABA', 1),
(201, 1200, 'CABA', 1),
(202, 1201, 'CABA', 1),
(203, 1202, 'CABA', 1),
(204, 1203, 'CABA', 1),
(205, 1204, 'CABA', 1),
(206, 1205, 'CABA', 1),
(207, 1206, 'CABA', 1),
(208, 1207, 'CABA', 1),
(209, 1208, 'CABA', 1),
(210, 1209, 'CABA', 1),
(211, 1210, 'CABA', 1),
(212, 1211, 'CABA', 1),
(213, 1212, 'CABA', 1),
(214, 1213, 'CABA', 1),
(215, 1214, 'CABA', 1),
(216, 1215, 'CABA', 1),
(217, 1216, 'CABA', 1),
(218, 1217, 'CABA', 1),
(219, 1218, 'CABA', 1),
(220, 1219, 'CABA', 1),
(221, 1220, 'CABA', 1),
(222, 1221, 'CABA', 1),
(223, 1222, 'CABA', 1),
(224, 1223, 'CABA', 1),
(225, 1224, 'CABA', 1),
(226, 1225, 'CABA', 1),
(227, 1226, 'CABA', 1),
(228, 1227, 'CABA', 1),
(229, 1228, 'CABA', 1),
(230, 1229, 'CABA', 1),
(231, 1230, 'CABA', 1),
(232, 1231, 'CABA', 1),
(233, 1232, 'CABA', 1),
(234, 1233, 'CABA', 1),
(235, 1234, 'CABA', 1),
(236, 1235, 'CABA', 1),
(237, 1236, 'CABA', 1),
(238, 1237, 'CABA', 1),
(239, 1238, 'CABA', 1),
(240, 1239, 'CABA', 1),
(241, 1240, 'CABA', 1),
(242, 1241, 'CABA', 1),
(243, 1242, 'CABA', 1),
(244, 1243, 'CABA', 1),
(245, 1244, 'CABA', 1),
(246, 1245, 'CABA', 1),
(247, 1246, 'CABA', 1),
(248, 1247, 'CABA', 1),
(249, 1248, 'CABA', 1),
(250, 1249, 'CABA', 1),
(251, 1250, 'CABA', 1),
(252, 1251, 'CABA', 1),
(253, 1252, 'CABA', 1),
(254, 1253, 'CABA', 1),
(255, 1254, 'CABA', 1),
(256, 1255, 'CABA', 1),
(257, 1256, 'CABA', 1),
(258, 1257, 'CABA', 1),
(259, 1258, 'CABA', 1),
(260, 1259, 'CABA', 1),
(261, 1260, 'CABA', 1),
(262, 1261, 'CABA', 1),
(263, 1262, 'CABA', 1),
(264, 1263, 'CABA', 1),
(265, 1264, 'CABA', 1),
(266, 1265, 'CABA', 1),
(267, 1266, 'CABA', 1),
(268, 1267, 'CABA', 1),
(269, 1268, 'CABA', 1),
(270, 1269, 'CABA', 1),
(271, 1270, 'CABA', 1),
(272, 1271, 'CABA', 1),
(273, 1272, 'CABA', 1),
(274, 1273, 'CABA', 1),
(275, 1274, 'CABA', 1),
(276, 1275, 'CABA', 1),
(277, 1276, 'CABA', 1),
(278, 1277, 'CABA', 1),
(279, 1278, 'CABA', 1),
(280, 1279, 'CABA', 1),
(281, 1280, 'CABA', 1),
(282, 1281, 'CABA', 1),
(283, 1282, 'CABA', 1),
(284, 1283, 'CABA', 1),
(285, 1284, 'CABA', 1),
(286, 1285, 'CABA', 1),
(287, 1286, 'CABA', 1),
(288, 1287, 'CABA', 1),
(289, 1288, 'CABA', 1),
(290, 1289, 'CABA', 1),
(291, 1290, 'CABA', 1),
(292, 1291, 'CABA', 1),
(293, 1292, 'CABA', 1),
(294, 1293, 'CABA', 1),
(295, 1294, 'CABA', 1),
(296, 1295, 'CABA', 1),
(297, 1296, 'CABA', 1),
(298, 1297, 'CABA', 1),
(299, 1298, 'CABA', 1),
(300, 1299, 'CABA', 1),
(301, 1300, 'CABA', 1),
(302, 1301, 'CABA', 1),
(303, 1302, 'CABA', 1),
(304, 1303, 'CABA', 1),
(305, 1304, 'CABA', 1),
(306, 1305, 'CABA', 1),
(307, 1306, 'CABA', 1),
(308, 1307, 'CABA', 1),
(309, 1308, 'CABA', 1),
(310, 1309, 'CABA', 1),
(311, 1310, 'CABA', 1),
(312, 1311, 'CABA', 1),
(313, 1312, 'CABA', 1),
(314, 1313, 'CABA', 1),
(315, 1314, 'CABA', 1),
(316, 1315, 'CABA', 1),
(317, 1316, 'CABA', 1),
(318, 1317, 'CABA', 1),
(319, 1318, 'CABA', 1),
(320, 1319, 'CABA', 1),
(321, 1320, 'CABA', 1),
(322, 1321, 'CABA', 1),
(323, 1322, 'CABA', 1),
(324, 1323, 'CABA', 1),
(325, 1324, 'CABA', 1),
(326, 1325, 'CABA', 1),
(327, 1326, 'CABA', 1),
(328, 1327, 'CABA', 1),
(329, 1328, 'CABA', 1),
(330, 1329, 'CABA', 1),
(331, 1330, 'CABA', 1),
(332, 1331, 'CABA', 1),
(333, 1332, 'CABA', 1),
(334, 1333, 'CABA', 1),
(335, 1334, 'CABA', 1),
(336, 1335, 'CABA', 1),
(337, 1336, 'CABA', 1),
(338, 1337, 'CABA', 1),
(339, 1338, 'CABA', 1),
(340, 1339, 'CABA', 1),
(341, 1340, 'CABA', 1),
(342, 1341, 'CABA', 1),
(343, 1342, 'CABA', 1),
(344, 1343, 'CABA', 1),
(345, 1344, 'CABA', 1),
(346, 1345, 'CABA', 1),
(347, 1346, 'CABA', 1),
(348, 1347, 'CABA', 1),
(349, 1348, 'CABA', 1),
(350, 1349, 'CABA', 1),
(351, 1350, 'CABA', 1),
(352, 1351, 'CABA', 1),
(353, 1352, 'CABA', 1),
(354, 1353, 'CABA', 1),
(355, 1354, 'CABA', 1),
(356, 1355, 'CABA', 1),
(357, 1356, 'CABA', 1),
(358, 1357, 'CABA', 1),
(359, 1358, 'CABA', 1),
(360, 1359, 'CABA', 1),
(361, 1360, 'CABA', 1),
(362, 1361, 'CABA', 1),
(363, 1362, 'CABA', 1),
(364, 1363, 'CABA', 1),
(365, 1364, 'CABA', 1),
(366, 1365, 'CABA', 1),
(367, 1366, 'CABA', 1),
(368, 1367, 'CABA', 1),
(369, 1368, 'CABA', 1),
(370, 1369, 'CABA', 1),
(371, 1370, 'CABA', 1),
(372, 1371, 'CABA', 1),
(373, 1372, 'CABA', 1),
(374, 1373, 'CABA', 1),
(375, 1374, 'CABA', 1),
(376, 1375, 'CABA', 1),
(377, 1376, 'CABA', 1),
(378, 1377, 'CABA', 1),
(379, 1378, 'CABA', 1),
(380, 1379, 'CABA', 1),
(381, 1380, 'CABA', 1),
(382, 1381, 'CABA', 1),
(383, 1382, 'CABA', 1),
(384, 1383, 'CABA', 1),
(385, 1384, 'CABA', 1),
(386, 1385, 'CABA', 1),
(387, 1386, 'CABA', 1),
(388, 1387, 'CABA', 1),
(389, 1388, 'CABA', 1),
(390, 1389, 'CABA', 1),
(391, 1390, 'CABA', 1),
(392, 1391, 'CABA', 1),
(393, 1392, 'CABA', 1),
(394, 1393, 'CABA', 1),
(395, 1394, 'CABA', 1),
(396, 1395, 'CABA', 1),
(397, 1396, 'CABA', 1),
(398, 1397, 'CABA', 1),
(399, 1398, 'CABA', 1),
(400, 1399, 'CABA', 1),
(401, 1400, 'CABA', 1),
(402, 1401, 'CABA', 1),
(403, 1402, 'CABA', 1),
(404, 1403, 'CABA', 1),
(405, 1404, 'CABA', 1),
(406, 1405, 'CABA', 1),
(407, 1406, 'CABA', 1),
(408, 1407, 'CABA', 1),
(409, 1408, 'CABA', 1),
(410, 1409, 'CABA', 1),
(411, 1410, 'CABA', 1),
(412, 1411, 'CABA', 1),
(413, 1412, 'CABA', 1),
(414, 1413, 'CABA', 1),
(415, 1414, 'CABA', 1),
(416, 1415, 'CABA', 1),
(417, 1416, 'CABA', 1),
(418, 1417, 'CABA', 1),
(419, 1418, 'CABA', 1),
(420, 1419, 'CABA', 1),
(421, 1420, 'CABA', 1),
(422, 1421, 'CABA', 1),
(423, 1422, 'CABA', 1),
(424, 1423, 'CABA', 1),
(425, 1424, 'CABA', 1),
(426, 1425, 'CABA', 1),
(427, 1426, 'CABA', 1),
(428, 1427, 'CABA', 1),
(429, 1428, 'CABA', 1),
(430, 1429, 'CABA', 1),
(431, 1430, 'CABA', 1),
(432, 1431, 'CABA', 1),
(433, 1432, 'CABA', 1),
(434, 1433, 'CABA', 1),
(435, 1434, 'CABA', 1),
(436, 1435, 'CABA', 1),
(437, 1436, 'CABA', 1),
(438, 1437, 'CABA', 1),
(439, 1438, 'CABA', 1),
(440, 1439, 'CABA', 1),
(441, 1440, 'CABA', 1),
(442, 1443, 'CABA', 1),
(443, 1444, 'CABA', 1),
(444, 1454, 'CABA', 1),
(445, 1458, 'CABA', 1),
(446, 1459, 'CABA', 1),
(447, 1469, 'CABA', 1),
(448, 1486, 'CABA', 1),
(449, 1489, 'CABA', 1),
(450, 1502, 'CABA', 1),
(451, 1505, 'CABA', 1),
(452, 1540, 'CABA', 1),
(453, 1544, 'CABA', 1),
(454, 1587, 'CABA', 1),
(455, 1598, 'CABA', 1),
(456, 1601, 'BUENOS AIRES', 2),
(457, 1602, 'FLORIDA', 2),
(458, 1603, 'VILLA MARTELLI', 2),
(459, 1604, 'BUENOS AIRES', 2),
(460, 1605, 'MUNRO', 2),
(461, 1607, 'VILLA ADELINA', 2),
(462, 1609, 'BOULOGNE', 2),
(463, 1611, 'DON TORCUATO', 2),
(464, 1612, 'GRAL. SARMIENTO', 2),
(465, 1613, 'LOS POLVORINES', 2),
(466, 1615, 'GRAN BOURG', 2),
(467, 1617, 'GENERAL PACHECO', 2),
(468, 1618, 'EL TALAR', 2),
(469, 1619, 'GARIN', 2),
(470, 1621, 'BUENOS AIRES', 2),
(471, 1623, 'BUENOS AIRES', 2),
(472, 1625, 'ESCOBAR', 2),
(473, 1627, 'BUENOS AIRES', 2),
(474, 1628, 'BUENOS AIRES', 2),
(475, 1629, 'PILAR', 2),
(476, 1631, 'BUENOS AIRES', 2),
(477, 1633, 'BUENOS AIRES', 2),
(478, 1635, 'DERQUI', 2),
(479, 1636, 'OLIVOS', 2),
(480, 1638, 'VICENTE LOPEZ', 2),
(481, 1640, 'MARTINEZ', 2),
(482, 1642, 'SAN ISIDRO', 2),
(483, 1643, 'BECCAR', 2),
(484, 1644, 'VICTORIA', 2),
(485, 1646, 'SAN FERNANDO', 2),
(486, 1647, 'BUENOS AIRES', 2),
(487, 1648, 'TIGRE', 2),
(488, 1649, 'BUENOS AIRES', 2),
(489, 1650, 'SAN MARTIN', 2),
(490, 1651, 'SAN ANDRES', 2),
(491, 1653, 'VILLA BALLESTER', 2),
(492, 1655, 'JOSE LEON SUAREZ', 2),
(493, 1657, 'LOMA HERMOSA', 2),
(494, 1659, 'CAMPO DE MAYO', 2),
(495, 1661, 'BELLA VISTA', 2),
(496, 1663, 'SAN MIGUEL', 2),
(497, 1664, 'MORENO', 2),
(498, 1665, 'JOSE C. PAZ', 2),
(499, 1667, 'TORTUGUITAS', 2),
(500, 1669, 'DEL VISO', 2),
(501, 1672, 'VILLA LYNCH', 2),
(502, 1674, 'SAENZ PEÑA', 2),
(503, 1676, 'SANTOS LUGARES', 2),
(504, 1678, 'CASEROS', 2),
(505, 1680, 'BUENOS AIRES', 2),
(506, 1682, 'VILLA BOSCH', 2),
(507, 1684, 'EL PALOMAR', 2),
(508, 1686, 'HURLINGHAM', 2),
(509, 1688, 'VILLA TESEI', 2),
(510, 1702, 'CIUDADELA', 2),
(511, 1704, 'RAMOS MEJIA', 2),
(512, 1706, 'HAEDO', 2),
(513, 1708, 'MORON', 2),
(514, 1712, 'CASTELAR', 2),
(515, 1713, 'BUENOS AIRES', 2),
(516, 1714, 'ITUZAINGO', 2),
(517, 1716, 'LIBERTAD', 2),
(518, 1718, 'SAN ANTONIO DE PADUA', 2),
(519, 1722, 'MERLO', 2),
(520, 1723, 'MARIANO ACOSTA', 2),
(521, 1727, 'MARCOS PAZ', 2),
(522, 1731, 'BUENOS AIRES', 2),
(523, 1733, 'BUENOS AIRES', 2),
(524, 1735, 'BUENOS AIRES', 2),
(525, 1737, 'BUENOS AIRES', 2),
(526, 1739, 'BUENOS AIRES', 2),
(527, 1741, 'GENERAL LAS HERAS', 2),
(528, 1742, 'PASO DEL REY', 2),
(529, 1744, 'MORENO', 2),
(530, 1746, 'FRANCISCO ALVAREZ', 2),
(531, 1748, 'GENERAL RODRIGUEZ', 2),
(532, 1752, 'LOMAS DEL MIRADOR', 2),
(533, 1753, 'BUENOS AIRES', 2),
(534, 1754, 'SAN JUSTO', 2),
(535, 1755, 'RAFAEL CASTILLO', 2),
(536, 1757, 'GREGORIO DE LAFERRERE', 2),
(537, 1759, 'GONZALEZ CATAN', 2),
(538, 1761, 'PONTEVEDRA', 2),
(539, 1763, 'PARQUE SAN MARTIN', 2),
(540, 1765, 'ISIDRO CASANOVA', 2),
(541, 1766, 'TABLADA', 2),
(542, 1768, 'VILLA MADERO', 2),
(543, 1770, 'ALDO BONZI', 2),
(544, 1772, 'VILLA CELINA', 2),
(545, 1773, 'INGENIERO BUDGE', 2),
(546, 1774, 'LA SALADA', 2),
(547, 1776, 'BUENOS AIRES', 2),
(548, 1778, 'GENERAL GUEMES', 2),
(549, 1802, 'EZEIZA', 2),
(550, 1804, 'EZEIZA', 2),
(551, 1806, 'TRISTAN SUAREZ', 2),
(552, 1807, 'BUENOS AIRES', 2),
(553, 1808, 'BUENOS AIRES', 2),
(554, 1812, 'BUENOS AIRES', 2),
(555, 1814, 'CAÑUELAS', 2),
(556, 1815, 'CAÑUELAS', 2),
(557, 1816, 'REMEDIOS DE ESCALADA', 2),
(558, 1822, 'VALENTIN AISINA', 2),
(559, 1824, 'LANUS', 2),
(560, 1825, 'MONTE CHINGOLO', 2),
(561, 1826, 'REMEDIOS DE ESCALADA', 2),
(562, 1828, 'BANFIELD', 2),
(563, 1829, 'BUENOS AIRES', 2),
(564, 1832, 'LOMAS DE ZAMORA', 2),
(565, 1834, 'TEMPERLEY', 2),
(566, 1836, 'LLAVALLOL', 2),
(567, 1838, 'LUIS GUILLON', 2),
(568, 1842, 'MONTE GRANDE', 2),
(569, 1846, 'ADROGUE', 2),
(570, 1847, 'RAFAEL CALZADA', 2),
(571, 1848, 'BANFIELD', 2),
(572, 1849, 'CLAYPOLE', 2),
(573, 1852, 'BURZACO', 2),
(574, 1854, 'LONGCHAMPS', 2),
(575, 1856, 'GLEW', 2),
(576, 1858, 'BUENOS AIRES', 2),
(577, 1862, 'GUERNICA', 2),
(578, 1864, 'ALEJANDRO KORN', 2),
(579, 1865, 'SAN VICENTE', 2),
(580, 1870, 'AVELLANEDA', 2),
(581, 1871, 'DOCK SUD', 2),
(582, 1872, 'SARANDI', 2),
(583, 1874, 'VILLA DOMINICO', 2),
(584, 1875, 'WILDE', 2),
(585, 1876, 'BERNAL', 2),
(586, 1878, 'QUILMES', 2),
(587, 1879, 'QUILMES OESTE', 2),
(588, 1881, 'SAN FRANCISCO SOLANO', 2),
(589, 1882, 'EZPELETA', 2),
(590, 1884, 'BERAZATEGUI', 2),
(591, 1885, 'GUILLERMO E. HUDSON', 2),
(592, 1886, 'RANELAGH', 2),
(593, 1888, 'FLORENCIO VARELA', 2),
(594, 1889, 'BUENOS AIRES', 2),
(595, 1890, 'JUAN MARIA GUTIERREZ', 2),
(596, 1891, 'ING. ALLAN', 2),
(597, 1893, 'CTRO.AGRICOLA EL PATO', 2),
(598, 1894, 'VILLA ELISA', 2),
(599, 1895, 'BUENOS AIRES', 2),
(600, 1896, 'CITY BELL', 2),
(601, 1897, 'MANUEL B. GONNET', 2),
(602, 1900, 'LA PLATA', 2),
(603, 1901, 'LISANDRO OLMOS', 2),
(604, 1903, 'MELCHOR ROMERO', 2),
(605, 1905, 'BUENOS AIRES', 2),
(606, 1907, 'BUENOS AIRES', 2),
(607, 1909, 'BUENOS AIRES', 2),
(608, 1911, 'BUENOS AIRES', 2),
(609, 1913, 'MAGDALENA', 2),
(610, 1915, 'BUENOS AIRES', 2),
(611, 1917, 'VERONICA', 2),
(612, 1919, 'BUENOS AIRES', 2),
(613, 1921, 'BUENOS AIRES', 2),
(614, 1923, 'BERISSO', 2),
(615, 1925, 'ENSENADA', 2),
(616, 1927, 'BUENOS AIRES', 2),
(617, 1929, 'BUENOS AIRES', 2),
(618, 1931, 'BUENOS AIRES', 2),
(619, 1980, 'BRANDSEN', 2),
(620, 1981, 'BUENOS AIRES', 2),
(621, 1983, 'BUENOS AIRES', 2),
(622, 1984, 'BUENOS AIRES', 2),
(623, 1986, 'BUENOS AIRES', 2),
(624, 1987, 'RANCHOS', 2),
(625, 2346, 'BUENOS AIRES', 2),
(626, 2700, 'PERGAMINO', 2),
(627, 2701, 'RANCAGUA', 2),
(628, 2703, 'ESTACION CARABELAS', 2),
(629, 2705, 'ROJAS', 2),
(630, 2707, 'BUENOS AIRES', 2),
(631, 2709, 'BUENOS AIRES', 2),
(632, 2711, 'BUENOS AIRES', 2),
(633, 2713, 'MANUEL OCAMPO', 2),
(634, 2715, 'BUENOS AIRES', 2),
(635, 2717, 'ACEVEDO', 2),
(636, 2718, 'M. H. ALFONSO URQUIZA', 2),
(637, 2720, 'COLON', 2),
(638, 2721, 'BUENOS AIRES', 2),
(639, 2740, 'ARRECIFES', 2),
(640, 2741, 'SALTO', 2),
(641, 2743, 'CHACABUCO', 2),
(642, 2745, 'BUENOS AIRES', 2),
(643, 2747, 'BUENOS AIRES', 2),
(644, 2751, 'BUENOS AIRES', 2),
(645, 2752, 'CAPITAN SARMIENTO', 2),
(646, 2754, 'BUENOS AIRES', 2),
(647, 2760, 'SAN ANTONIO DE ARECO', 2),
(648, 2761, 'BUENOS AIRES', 2),
(649, 2763, 'BUENOS AIRES', 2),
(650, 2764, 'BUENOS AIRES', 2),
(651, 2800, 'ZARATE', 2),
(652, 2801, 'BUENOS AIRES', 2),
(653, 2802, 'BUENOS AIRES', 2),
(654, 2804, 'CAMPANA', 2),
(655, 2805, 'BUENOS AIRES', 2),
(656, 2806, 'LIMA', 2),
(657, 2808, 'BUENOS AIRES', 2),
(658, 2812, 'CAPILLA DEL SEÑOR', 2),
(659, 2813, 'BUENOS AIRES', 2),
(660, 2814, 'BUENOS AIRES', 2),
(661, 2900, 'SAN NICOLAS', 2),
(662, 2901, 'LA EMILIA', 2),
(663, 2903, 'BUENOS AIRES', 2),
(664, 2905, 'BUENOS AIRES', 2),
(665, 2907, 'CONESA', 2),
(666, 2909, 'BUENOS AIRES', 2),
(667, 2912, 'BUENOS AIRES', 2),
(668, 2914, 'VILLA RAMALLO', 2),
(669, 2915, 'RAMALLO', 2),
(670, 2916, 'BUENOS AIRES', 2),
(671, 2930, 'SAN PEDRO', 2),
(672, 2931, 'BUENOS AIRES', 2),
(673, 2933, 'PEREZ MILLáN', 2),
(674, 2935, 'SANTA LUCIA', 2),
(675, 2938, 'BUENOS AIRES', 2),
(676, 2942, 'BARADERO', 2),
(677, 2943, 'BUENOS AIRES', 2),
(678, 2944, 'BUENOS AIRES', 2),
(679, 2946, 'GOBERNADOR CASTRO', 2),
(680, 3713, 'BUENOS AIRES', 2),
(681, 6000, 'JUNIN', 2),
(682, 6001, 'BUENOS AIRES', 2),
(683, 6003, 'ASCENSION', 2),
(684, 6005, 'GENERAL ARENALES', 2),
(685, 6007, 'ARRIBEÑOS', 2),
(686, 6013, 'BUENOS AIRES', 2),
(687, 6015, 'LOS TOLDOS', 2),
(688, 6017, 'BUENOS AIRES', 2),
(689, 6018, 'BUENOS AIRES', 2),
(690, 6022, 'BUENOS AIRES', 2),
(691, 6023, 'BUENOS AIRES', 2),
(692, 6030, 'VEDIA', 2),
(693, 6031, 'BUENOS AIRES', 2),
(694, 6032, 'BUENOS AIRES', 2),
(695, 6034, 'JUAN B. ALBERDI', 2),
(696, 6042, 'IRIARTE', 2),
(697, 6050, 'GENERAL PINTO', 2),
(698, 6051, 'BUENOS AIRES', 2),
(699, 6053, 'BUENOS AIRES', 2),
(700, 6058, 'BUENOS AIRES', 2),
(701, 6062, 'CORONEL GRANADA', 2),
(702, 6063, 'BUENOS AIRES', 2),
(703, 6064, 'AMEGHINO', 2),
(704, 6065, 'BLAQUIER', 2),
(705, 6070, 'LINCOLN', 2),
(706, 6071, 'BUENOS AIRES', 2),
(707, 6073, 'BUENOS AIRES', 2),
(708, 6075, 'ROBERTS', 2),
(709, 6077, 'PASTEUR', 2),
(710, 6078, 'BUENOS AIRES', 2),
(711, 6105, 'CAÑADA SECA', 2),
(712, 6223, 'CORONEL CHARIONE', 2),
(713, 6230, 'GENERALVILLEGAS', 2),
(714, 6231, 'TRES ALGARROBOS', 2),
(715, 6233, 'BUENOS AIRES', 2),
(716, 6235, 'BUENOS AIRES', 2),
(717, 6237, 'AMERICA', 2),
(718, 6239, 'BUENOS AIRES', 2),
(719, 6241, 'EMILIO V. BUNGE', 2),
(720, 6242, 'BUENOS AIRES', 2),
(721, 6244, 'BANDERALO', 2),
(722, 6306, 'JUNIN', 2),
(723, 6332, 'BUENOS AIRES', 2),
(724, 6335, 'BUENOS AIRES', 2),
(725, 6337, 'BUENOS AIRES', 2),
(726, 6338, 'BUENOS AIRES', 2),
(727, 6339, 'SALLIQUELO', 2),
(728, 6341, 'BUENOS AIRES', 2),
(729, 6343, 'VILLA MAZA', 2),
(730, 6346, 'PELLEGRINI', 2),
(731, 6348, 'BUENOS AIRES', 2),
(732, 6400, 'TRENQUE LAUQUEN', 2),
(733, 6401, 'BUENOS AIRES', 2),
(734, 6403, 'BUENOS AIRES', 2),
(735, 6405, 'TRENQUE LAUQUEN', 2),
(736, 6407, 'BUENOS AIRES', 2),
(737, 6409, 'TRES LOMAS', 2),
(738, 6411, 'BUENOS AIRES', 2),
(739, 6417, 'CASBAS', 2),
(740, 6422, 'BUENOS AIRES', 2),
(741, 6424, 'BUENOS AIRES', 2),
(742, 6430, 'CARHUE', 2),
(743, 6431, 'BUENOS AIRES', 2),
(744, 6433, 'BUENOS AIRES', 2),
(745, 6435, 'TORNQUIST', 2),
(746, 6437, 'BUENOS AIRES', 2),
(747, 6438, 'BUENOS AIRES', 2),
(748, 6439, 'BONIFACIO', 2),
(749, 6441, 'RIVERA', 2),
(750, 6443, 'BUENOS AIRES', 2),
(751, 6450, 'PEHUAJO', 2),
(752, 6451, 'BUENOS AIRES', 2),
(753, 6453, 'BUENOS AIRES', 2),
(754, 6455, 'CARLOS TEJEDOR', 2),
(755, 6457, 'BUENOS AIRES', 2),
(756, 6459, 'BUENOS AIRES', 2),
(757, 6461, 'BUENOS AIRES', 2),
(758, 6463, 'BUENOS AIRES', 2),
(759, 6465, 'HENDERSON', 2),
(760, 6467, 'BUENOS AIRES', 2),
(761, 6471, 'SALAZAR', 2),
(762, 6472, 'FRANCISCO MADERO', 2),
(763, 6474, 'JUAN JOSE PASO', 2),
(764, 6475, 'BUENOS AIRES', 2),
(765, 6476, 'BUENOS AIRES', 2),
(766, 6500, '9 DE JULIO', 2),
(767, 6501, 'TROPEZON', 2),
(768, 6503, 'BUENOS AIRES', 2),
(769, 6505, 'DUDIGNAE', 2),
(770, 6507, 'BUENOS AIRES', 2),
(771, 6508, 'BUENOS AIRES', 2),
(772, 6509, 'BUENOS AIRES', 2),
(773, 6511, 'BUENOS AIRES', 2),
(774, 6513, 'BUENOS AIRES', 2),
(775, 6515, 'BUENOS AIRES', 2),
(776, 6516, 'BUENOS AIRES', 2),
(777, 6530, 'CARLOS CASARES', 2),
(778, 6531, 'BUENOS AIRES', 2),
(779, 6533, 'QUIROGA', 2),
(780, 6535, 'BUENOS AIRES', 2),
(781, 6537, 'BUENOS AIRES', 2),
(782, 6538, 'BUENOS AIRES', 2),
(783, 6550, 'BOLIVAR', 2),
(784, 6551, 'PIROVANO', 2),
(785, 6553, 'URDAMPILLETA', 2),
(786, 6555, 'DAIREAUX', 2),
(787, 6557, 'BUENOS AIRES', 2),
(788, 6559, 'BUENOS AIRES', 2),
(789, 6561, 'BUENOS AIRES', 2),
(790, 6567, 'BUENOS AIRES', 2),
(791, 6600, 'MERCEDES', 2),
(792, 6601, 'BUENOS AIRES', 2),
(793, 6603, 'BUENOS AIRES', 2),
(794, 6604, 'BUENOS AIRES', 2),
(795, 6605, 'NAVARRO', 2),
(796, 6607, 'BUENOS AIRES', 2),
(797, 6608, 'BUENOS AIRES', 2),
(798, 6612, 'SUIPACHA', 2),
(799, 6614, 'BUENOS AIRES', 2),
(800, 6616, 'BUENOS AIRES', 2),
(801, 6620, 'CHIVILCOY', 2),
(802, 6623, 'BUENOS AIRES', 2),
(803, 6625, 'VILLA MOQUEHUA', 2),
(804, 6627, 'BUENOS AIRES', 2),
(805, 6628, 'BUENOS AIRES', 2),
(806, 6632, 'BUENOS AIRES', 2),
(807, 6634, 'ALBERTI', 2),
(808, 6640, 'BRAGADO', 2),
(809, 6641, 'BUENOS AIRES', 2),
(810, 6643, 'BUENOS AIRES', 2),
(811, 6645, 'BUENOS AIRES', 2),
(812, 6646, 'GENERAL O-BRIEN', 2),
(813, 6648, 'BUENOS AIRES', 2),
(814, 6652, 'BUENOS AIRES', 2),
(815, 6660, '25 DE MAYO', 2),
(816, 6661, 'BUENOS AIRES', 2),
(817, 6663, 'NORBERTO DE LA RIESTRA', 2),
(818, 6665, 'PEDERNALES', 2),
(819, 6667, 'BUENOS AIRES', 2),
(820, 6700, 'LUJAN', 2),
(821, 6701, 'BUENOS AIRES', 2),
(822, 6703, 'TORRES', 2),
(823, 6705, 'BUENOS AIRES', 2),
(824, 6706, 'VILLA FIANDRIA', 2),
(825, 6708, 'OPEN DOOR', 2),
(826, 6712, 'BUENOS AIRES', 2),
(827, 6720, 'SAN ANDRES DE GILES', 2),
(828, 6721, 'SAN ANDRES DE GILES', 2),
(829, 6723, 'BUENOS AIRES', 2),
(830, 6725, 'CARMEN DE ARECO', 2),
(831, 6727, 'BUENOS AIRES', 2),
(832, 6734, 'RAWSON', 2),
(833, 6740, 'CHACABUCO', 2),
(834, 6743, 'BUENOS AIRES', 2),
(835, 6746, 'BUENOS AIRES', 2),
(836, 6748, 'O-HIGGINS', 2),
(837, 7000, 'TANDIL', 2),
(838, 7001, 'BUENOS AIRES', 2),
(839, 7005, 'BARKER', 2),
(840, 7007, 'BUENOS AIRES', 2),
(841, 7009, 'BUENOS AIRES', 2),
(842, 7013, 'BUENOS AIRES', 2),
(843, 7020, 'BENITO JUAREZ', 2),
(844, 7021, 'BUENOS AIRES', 2),
(845, 7100, 'DOLORES', 2),
(846, 7101, 'GENERAL CONESA', 2),
(847, 7103, 'GENERAL LAVALLE', 2),
(848, 7105, 'SAN CLEMENTE DEL TUYU', 2),
(849, 7106, 'LAS TONINAS', 2),
(850, 7107, 'SANTA TERESITA', 2),
(851, 7108, 'BUENOS AIRES', 2),
(852, 7109, 'MAR DE AJO', 2),
(853, 7111, 'SAN BERNARDO', 2),
(854, 7112, 'BUENOS AIRES', 2),
(855, 7113, 'BUENOS AIRES', 2),
(856, 7114, 'CASTELLI', 2),
(857, 7116, 'PILA', 2),
(858, 7118, 'GENERAL GUIDO', 2),
(859, 7119, 'BUENOS AIRES', 2),
(860, 7122, 'BUENOS AIRES', 2),
(861, 7130, 'CHASCOMUS', 2),
(862, 7134, 'BUENOS AIRES', 2),
(863, 7135, 'BUENOS AIRES', 2),
(864, 7136, 'BUENOS AIRES', 2),
(865, 7142, 'BUENOS AIRES', 2),
(866, 7150, 'AYACUCHO', 2),
(867, 7151, 'BUENOS AIRES', 2),
(868, 7153, 'AYACUCHO', 2),
(869, 7160, 'MAIPU', 2),
(870, 7161, 'BUENOS AIRES', 2),
(871, 7163, 'GENERAL MADARIAGA', 2),
(872, 7164, 'BUENOS AIRES', 2),
(873, 7165, 'VILLA GESELL', 2),
(874, 7167, 'PINAMAR', 2),
(875, 7169, 'BUENOS AIRES', 2),
(876, 7172, 'GENERAL PIRAN', 2),
(877, 7174, 'CORONEL VIDAL', 2),
(878, 7200, 'LAS FLORES', 2),
(879, 7201, 'BUENOS AIRES', 2),
(880, 7203, 'RAUCH', 2),
(881, 7205, 'BUENOS AIRES', 2),
(882, 7207, 'BUENOS AIRES', 2),
(883, 7208, 'BUENOS AIRES', 2),
(884, 7212, 'BUENOS AIRES', 2),
(885, 7214, 'CACHARí', 2),
(886, 7215, 'BUENOS AIRES', 2),
(887, 7220, 'MONTE', 2),
(888, 7221, 'BUENOS AIRES', 2),
(889, 7223, 'GENERAL BELGRANO', 2),
(890, 7225, 'BUENOS AIRES', 2),
(891, 7226, 'SAN MIGUEL DEL MONTE', 2),
(892, 7228, 'BUENOS AIRES', 2),
(893, 7234, 'ELVIRA', 2),
(894, 7240, 'LOBOS', 2),
(895, 7241, 'BUENOS AIRES', 2),
(896, 7243, 'BUENOS AIRES', 2),
(897, 7245, 'ROQUE PEREZ', 2),
(898, 7247, 'BUENOS AIRES', 2),
(899, 7249, 'BUENOS AIRES', 2),
(900, 7260, 'SALADILLO', 2),
(901, 7261, 'BUENOS AIRES', 2),
(902, 7263, 'GENERAL ALVEAR', 2),
(903, 7265, 'BUENOS AIRES', 2),
(904, 7267, 'BUENOS AIRES', 2),
(905, 7300, 'AZUL', 2),
(906, 7301, 'BUENOS AIRES', 2),
(907, 7303, 'TAPALQUE', 2),
(908, 7305, 'BUENOS AIRES', 2),
(909, 7307, 'BUENOS AIRES', 2),
(910, 7311, 'CHILLAR', 2),
(911, 7313, 'BUENOS AIRES', 2),
(912, 7316, 'BUENOS AIRES', 2),
(913, 7318, 'HINOJO', 2),
(914, 7400, 'OLAVARRIA', 2),
(915, 7401, 'SIERRA CHICA', 2),
(916, 7403, 'LOMA NEGRA', 2),
(917, 7404, 'BUENOS AIRES', 2),
(918, 7406, 'GENERAL LAMADRID', 2),
(919, 7407, 'BUENOS AIRES', 2),
(920, 7408, 'BUENOS AIRES', 2),
(921, 7412, 'BUENOS AIRES', 2),
(922, 7414, 'LAPRIDA', 2),
(923, 7500, 'TRES ARROYOS', 2),
(924, 7501, 'INDIO RICO', 2),
(925, 7503, 'ORENSE', 2),
(926, 7505, 'CLAROMECO', 2),
(927, 7507, 'BUENOS AIRES', 2),
(928, 7509, 'ORIENTE', 2),
(929, 7511, 'COPETONAS', 2),
(930, 7513, 'ADOLFO GONZALES CHAVES', 2),
(931, 7515, 'DE LA GARMA', 2),
(932, 7517, 'BUENOS AIRES', 2),
(933, 7519, 'BUENOS AIRES', 2),
(934, 7521, 'SAN CAYETANO', 2),
(935, 7530, 'CORONEL PRINGLES', 2),
(936, 7531, 'BUENOS AIRES', 2),
(937, 7533, 'BUENOS AIRES', 2),
(938, 7535, 'BUENOS AIRES', 2),
(939, 7536, 'BUENOS AIRES', 2),
(940, 7540, 'CORONEL SUAREZ', 2),
(941, 7541, 'BUENOS AIRES', 2),
(942, 7543, 'BUENOS AIRES', 2),
(943, 7545, 'HUANGUELEN', 2),
(944, 7547, 'BUENOS AIRES', 2),
(945, 7548, 'BUENOS AIRES', 2),
(946, 7600, 'MAR DEL PLATA', 2),
(947, 7601, 'BATAN', 2),
(948, 7603, 'COM. OTAMENDI', 2),
(949, 7605, 'MECHONGUE', 2),
(950, 7607, 'MIRAMAR', 2),
(951, 7609, 'BUENOS AIRES', 2),
(952, 7612, 'BUENOS AIRES', 2),
(953, 7613, 'BUENOS AIRES', 2),
(954, 7620, 'BALCARCE', 2),
(955, 7621, 'BUENOS AIRES', 2),
(956, 7623, 'LOBERIA', 2),
(957, 7630, 'NECOCHEA', 2),
(958, 7631, 'QUEQUEN', 2),
(959, 7633, 'BUENOS AIRES', 2),
(960, 7635, 'LOBERIA', 2),
(961, 7637, 'NICANOR OLIVERA', 2),
(962, 7639, 'BUENOS AIRES', 2),
(963, 7641, 'BUENOS AIRES', 2),
(964, 8000, 'BAHIA BLANCA', 2),
(965, 8010, 'BUENOS AIRES', 2),
(966, 8101, 'BUENOS AIRES', 2),
(967, 8103, 'INGENIERO WHITE', 2),
(968, 8105, 'GENERAL DANIEL CERRI', 2),
(969, 8107, 'BUENOS AIRES', 2),
(970, 8109, 'PUNTA ALTA', 2),
(971, 8111, 'PUERTO BELGRANO', 2),
(972, 8113, 'BUENOS AIRES', 2),
(973, 8115, 'BUENOS AIRES', 2),
(974, 8117, 'BUENOS AIRES', 2),
(975, 8118, 'CABILDO', 2),
(976, 8122, 'BUENOS AIRES', 2),
(977, 8124, 'BUENOS AIRES', 2),
(978, 8126, 'VILLA IRIS', 2),
(979, 8127, 'BUENOS AIRES', 2),
(980, 8129, 'BUENOS AIRES', 2),
(981, 8132, 'MEDANOS', 2),
(982, 8133, 'BUENOS AIRES', 2),
(983, 8136, 'JUAN COUSTE', 2),
(984, 8142, 'HILARIO ASCASUBI', 2),
(985, 8144, 'BUENOS AIRES', 2),
(986, 8146, 'MAYOR BURATOVICH', 2),
(987, 8148, 'PEDRO LURO', 2),
(988, 8150, 'CORONEL DORREGO', 2),
(989, 8151, 'BUENOS AIRES', 2),
(990, 8153, 'MONTE HERMOSO', 2),
(991, 8154, 'BUENOS AIRES', 2),
(992, 8156, 'BUENOS AIRES', 2),
(993, 8158, 'BUENOS AIRES', 2),
(994, 8160, 'TORNQUIST', 2),
(995, 8162, 'BUENOS AIRES', 2),
(996, 8164, 'BUENOS AIRES', 2),
(997, 8166, 'SALDUNGARAY', 2),
(998, 8168, 'SIERRA DE LA VENTANA', 2),
(999, 8170, 'PIGUE', 2),
(1000, 8171, 'BUENOS AIRES', 2),
(1001, 8172, 'BUENOS AIRES', 2),
(1002, 8174, 'SAAVEDRA', 2),
(1003, 8175, 'BUENOS AIRES', 2),
(1004, 8180, 'PUAN', 2),
(1005, 8181, 'BUENOS AIRES', 2),
(1006, 8183, 'ADOLFO ALSINA', 2),
(1007, 8185, 'BUENOS AIRES', 2),
(1008, 8187, 'BUENOS AIRES', 2),
(1009, 8504, 'CARMEN DE PATAGONES', 2),
(1010, 8506, 'BUENOS AIRES', 2),
(1011, 8508, 'STROEDER', 2),
(1012, 8512, 'VILLALONGA', 2),
(1013, 3344, 'ALVEAR', 3),
(1014, 4139, 'SANTA MARIA', 3),
(1015, 4141, 'CATAMARCA', 3),
(1016, 4231, 'CATAMARCA', 3),
(1017, 4234, 'CATAMARCA', 3),
(1018, 4235, 'CATAMARCA', 3),
(1019, 4237, 'CATAMARCA', 3),
(1020, 4700, 'SAN FERNANDO DEL VALLE DE CAT.', 3),
(1021, 4701, 'CATAMARCA', 3),
(1022, 4705, 'CATAMARCA', 3),
(1023, 4707, 'VILLA DOLORES', 3),
(1024, 4709, 'CATAMARCA', 3),
(1025, 4711, 'CATAMARCA', 3),
(1026, 4713, 'CATAMARCA', 3),
(1027, 4715, 'CATAMARCA', 3),
(1028, 4716, 'CATAMARCA', 3),
(1029, 4718, 'CATAMARCA', 3),
(1030, 4719, 'CATAMARCA', 3),
(1031, 4722, 'CATAMARCA', 3),
(1032, 4723, 'LOS ALTOS', 3),
(1033, 4724, 'CATAMARCA', 3),
(1034, 4726, 'CATAMARCA', 3),
(1035, 4728, 'CHUMBICHA', 3),
(1036, 4740, 'ANDALGALA', 3),
(1037, 4741, 'CATAMARCA', 3),
(1038, 4743, 'CATAMARCA', 3),
(1039, 4750, 'BELEN', 3),
(1040, 4751, 'CATAMARCA', 3),
(1041, 4753, 'CATAMARCA', 3),
(1042, 4758, 'CATAMARCA', 3),
(1043, 5139, 'CATAMARCA', 3),
(1044, 5260, 'RECREO', 3),
(1045, 5261, 'CATAMARCA', 3),
(1046, 5263, 'CATAMARCA', 3),
(1047, 5264, 'CATAMARCA', 3),
(1048, 5265, 'LA PAZ', 3),
(1049, 5266, 'CATAMARCA', 3),
(1050, 5315, 'CATAMARCA', 3),
(1051, 5317, 'CATAMARCA', 3),
(1052, 5319, 'CATAMARCA', 3),
(1053, 5321, 'SAUJIL', 3),
(1054, 5331, 'CATAMARCA', 3),
(1055, 5333, 'CATAMARCA', 3),
(1056, 5340, 'TINOGASTA', 3),
(1057, 5341, 'CATAMARCA', 3),
(1058, 5343, 'CATAMARCA', 3),
(1059, 5345, 'FIAMBALA', 3),
(1060, 5753, 'CATAMARCA', 3),
(1061, 2189, 'CRUZ ALTA', 4),
(1062, 2341, 'CORDOBA', 4),
(1063, 2400, 'SAN FRANCISCO', 4),
(1064, 2401, 'CORDOBA', 4),
(1065, 2411, 'CORDOBA', 4),
(1066, 2412, 'CORDOBA', 4),
(1067, 2413, 'FREYRE', 4),
(1068, 2415, 'PORTEñA', 4),
(1069, 2417, 'ALTOS DE CHIPIóN', 4),
(1070, 2419, 'BRIKMANN', 4),
(1071, 2421, 'MORTEROS', 4),
(1072, 2423, 'CORDOBA', 4),
(1073, 2424, 'COLONIA MARINA', 4),
(1074, 2426, 'COLONIA SAN BARTOLOMé', 4),
(1075, 2428, 'CORDOBA', 4),
(1076, 2432, 'EL TIO', 4),
(1077, 2433, 'VILLA CONCEPCION DEL TIO', 4),
(1078, 2434, 'ARROYITO', 4),
(1079, 2435, 'LA TORDILLA NORTE', 4),
(1080, 2436, 'CORDOBA', 4),
(1081, 2516, 'CORDOBA', 4),
(1082, 2525, 'SAIRA', 4),
(1083, 2550, 'BELL VILLE', 4),
(1084, 2551, 'CORDOBA', 4),
(1085, 2553, 'JUSTINIANO POSSE', 4),
(1086, 2555, 'ORDO¥EZ', 4),
(1087, 2557, 'LDIAZABAL', 4),
(1088, 2558, 'CORDOBA', 4),
(1089, 2559, 'SAN ANTONIO DE LITíN', 4),
(1090, 2561, 'CORDOBA', 4),
(1091, 2563, 'NOETINGER', 4),
(1092, 2564, 'CORDOBA', 4),
(1093, 2566, 'SAN MARCOS SUD', 4),
(1094, 2568, 'CORDOBA', 4),
(1095, 2572, 'BALLESTEROS', 4),
(1096, 2580, 'MARCOS JUAREZ', 4),
(1097, 2581, 'LOS SURGENTES', 4),
(1098, 2583, 'GENERAL BALDISERA', 4),
(1099, 2585, 'CAMILO ALDAO', 4),
(1100, 2587, 'INRIVILLE', 4),
(1101, 2589, 'MONTE BUEY', 4),
(1102, 2592, 'GENERAL ROCA', 4),
(1103, 2594, 'LEONES', 4),
(1104, 2619, 'CORDOBA', 4),
(1105, 2624, 'ARIAS', 4),
(1106, 2625, 'CORDOBA', 4),
(1107, 2627, 'GUATIMOZLN', 4),
(1108, 2645, 'CORRAL DE BUSTOS', 4),
(1109, 2650, 'CANAIS', 4),
(1110, 2651, 'PUEBLO ITALIANO', 4),
(1111, 2655, 'WENCESLAO ESCALANTE', 4),
(1112, 2657, 'LABORDE', 4),
(1113, 2659, 'MONTE MAIZ', 4),
(1114, 2661, 'ISLA VERDE', 4),
(1115, 2662, 'ALEJO LEDESMA', 4),
(1116, 2664, 'CORDOBA', 4),
(1117, 2670, 'LA CARLOTA', 4),
(1118, 2671, 'VIAMONTE', 4),
(1119, 2675, 'CHAZóN', 4),
(1120, 2677, 'UCACHA', 4),
(1121, 2679, 'PASCANAS', 4),
(1122, 2681, 'ETRURIA', 4),
(1123, 2684, 'CORDOBA', 4),
(1124, 2686, 'ALEJANDRO', 4),
(1125, 2875, 'CORDOBA', 4),
(1126, 2987, 'CORDOBA', 4),
(1127, 3472, 'CORDOBA', 4),
(1128, 3718, 'CORZUELA', 4),
(1129, 5000, 'CORDOBA', 4),
(1130, 5001, 'GENERAL BUSTOS', 4),
(1131, 5003, 'SANTA ANA', 4),
(1132, 5006, 'BARRIO SAN VICENTE', 4),
(1133, 5008, 'BOULEVARD LOS GRANEROS', 4),
(1134, 5009, 'BARRIO ALTO ALBERDI', 4),
(1135, 5010, 'FUERZA AEREA ARGENTINA', 4),
(1136, 5012, 'ALEM', 4),
(1137, 5014, 'BAJADA PUCARA', 4),
(1138, 5016, 'CIUDADELA', 4),
(1139, 5101, 'COLONIA TIROLESA', 4),
(1140, 5103, 'CORDOBA', 4),
(1141, 5105, 'VILLA ALLENDE', 4),
(1142, 5107, 'CORDOBA', 4),
(1143, 5109, 'UNQUILLO', 4),
(1144, 5111, 'RIO CEBALLOS', 4),
(1145, 5113, 'SALSIPUEDES', 4),
(1146, 5115, 'CORDOBA', 4),
(1147, 5117, 'CORDOBA', 4),
(1148, 5119, 'CORDOBA', 4),
(1149, 5120, 'CORDOBA', 4),
(1150, 5121, 'DESPE¥ADEROS', 4),
(1151, 5123, 'FERRREIRA', 4),
(1152, 5125, 'MONTE CRISTO', 4),
(1153, 5127, 'RIO PRIMERO', 4),
(1154, 5129, 'CORDOBA', 4),
(1155, 5131, 'CORDOBA', 4),
(1156, 5133, 'SANTA ROSA DE RIO 1RO.', 4),
(1157, 5135, 'CORDOBA', 4),
(1158, 5137, 'LA PUERTA', 4),
(1159, 5141, 'BALNEARIA', 4),
(1160, 5142, 'CORDOBA', 4),
(1161, 5143, 'MIRAMAR', 4),
(1162, 5145, 'GENERAL PAZ', 4),
(1163, 5147, 'AEROPUERTO CORDOBA', 4),
(1164, 5149, 'CORDOBA', 4),
(1165, 5151, 'LA CALERA', 4),
(1166, 5152, 'VILLA CARLOS PAZ', 4),
(1167, 5153, 'CORDOBA', 4),
(1168, 5155, 'CORDOBA', 4),
(1169, 5156, 'CORDOBA', 4),
(1170, 5158, 'CORDOBA', 4),
(1171, 5162, 'CORDOBA', 4),
(1172, 5164, 'SANTA MARIA DE PUNILLA', 4),
(1173, 5165, 'CORDOBA', 4),
(1174, 5166, 'COSQUIN', 4),
(1175, 5168, 'CORDOBA', 4),
(1176, 5172, 'LA FALDA', 4),
(1177, 5174, 'CORDOBA', 4),
(1178, 5175, 'CORDOBA', 4),
(1179, 5176, 'VILLA GIARDINO', 4),
(1180, 5178, 'LA CUMBRE', 4),
(1181, 5182, 'CORDOBA', 4),
(1182, 5184, 'CAPILLA DEL MONTE', 4),
(1183, 5185, 'CORDOBA', 4),
(1184, 5186, 'ALTA GRACIA', 4),
(1185, 5187, 'CORDOBA', 4),
(1186, 5189, 'CORDOBA', 4),
(1187, 5191, 'SAN AGUSTIN', 4),
(1188, 5192, 'CORDOBA', 4),
(1189, 5194, 'VILLA GENERAL BELGRANO', 4),
(1190, 5195, 'CORDOBA', 4),
(1191, 5196, 'SANTA ROSA DE CALAMUCHITA', 4),
(1192, 5197, 'CORDOBA', 4),
(1193, 5199, 'CORDOBA', 4),
(1194, 5200, 'DEAN FUNES', 4),
(1195, 5201, 'CORDOBA', 4),
(1196, 5203, 'TULUMBA', 4),
(1197, 5205, 'CORDOBA', 4),
(1198, 5208, 'CORDOBA', 4),
(1199, 5209, 'SAN FRANCISCO DEL CHA¥AR', 4),
(1200, 5211, 'CORDOBA', 4),
(1201, 5212, 'CORDOBA', 4),
(1202, 5214, 'CORDOBA', 4),
(1203, 5216, 'CORDOBA', 4),
(1204, 5218, 'CORDOBA', 4),
(1205, 5220, 'JESUS MARIA', 4),
(1206, 5221, 'CORDOBA', 4),
(1207, 5223, 'COLONIA CAROYA', 4),
(1208, 5225, 'OBISPO TREJO', 4),
(1209, 5227, 'CORDOBA', 4),
(1210, 5229, 'CORDOBA', 4),
(1211, 5231, 'SEBASTIAN EL CANO', 4),
(1212, 5233, 'CORDOBA', 4),
(1213, 5235, 'CORDOBA', 4),
(1214, 5236, 'VILLA DEL TOTORAL', 4),
(1215, 5238, 'LAS PE¥AS', 4),
(1216, 5242, 'CORDOBA', 4),
(1217, 5244, 'SAN JOSE DE LA DORMIDA', 4),
(1218, 5246, 'CORDOBA', 4),
(1219, 5248, 'VILLA DE MARIA RIO SECO', 4),
(1220, 5249, 'RIO SECO', 4),
(1221, 5255, 'CORDOBA', 4),
(1222, 5270, 'CORDOBA', 4),
(1223, 5271, 'CORDOBA', 4),
(1224, 5272, 'CORDOBA', 4),
(1225, 5275, 'CORDOBA', 4),
(1226, 5280, 'CRUZ DEL EJE', 4),
(1227, 5281, 'CORDOBA', 4),
(1228, 5282, 'CORDOBA', 4),
(1229, 5284, 'VILLA DE SOTO', 4),
(1230, 5285, 'CORDOBA', 4),
(1231, 5287, 'CORDOBA', 4),
(1232, 5289, 'CORDOBA', 4),
(1233, 5291, 'SAN CARLOS MINAS', 4),
(1234, 5293, 'CORDOBA', 4),
(1235, 5295, 'SALSACATE', 4),
(1236, 5297, 'CORDOBA', 4),
(1237, 5299, 'CORDOBA', 4),
(1238, 5435, 'VILLA SARMIENTO', 4),
(1239, 5800, 'RIO CUARTO', 4),
(1240, 5801, 'CORDOBA', 4),
(1241, 5803, 'CORDOBA', 4),
(1242, 5805, 'CARNERILLOS', 4),
(1243, 5807, 'BENGOLEA', 4),
(1244, 5809, 'GENERAL CABRERA', 4),
(1245, 5811, 'CORDOBA', 4),
(1246, 5813, 'ALCIRA GIGENA', 4),
(1247, 5815, 'ELENA', 4),
(1248, 5817, 'CALAMUCHITA', 4),
(1249, 5819, 'CORDOBA', 4),
(1250, 5821, 'CORDOBA', 4),
(1251, 5823, 'LOS CONDORES', 4),
(1252, 5825, 'SANTA C. DE HOIMBERG', 4),
(1253, 5827, 'LAS VERTIENTES', 4),
(1254, 5829, 'SAMPACHO', 4),
(1255, 5831, 'CORDOBA', 4),
(1256, 5833, 'CORDOBA', 4),
(1257, 5837, 'CORDOBA', 4),
(1258, 5839, 'CORDOBA', 4),
(1259, 5841, 'SAN BASILIO', 4),
(1260, 5843, 'ADELIA MARIA', 4),
(1261, 5845, 'BULNES', 4),
(1262, 5847, 'CORONEL MOLDES', 4),
(1263, 5848, 'LAS ACEQUIAS', 4),
(1264, 5850, 'RIO TERCERO', 4),
(1265, 5851, 'CORDOBA', 4),
(1266, 5853, 'CORRALITO', 4),
(1267, 5854, 'ALMAFUERTE', 4),
(1268, 5856, 'EMBALSE', 4),
(1269, 5857, 'CORDOBA', 4),
(1270, 5859, 'LA CRUZ', 4),
(1271, 5862, 'CORDOBA', 4),
(1272, 5864, 'CORDOBA', 4),
(1273, 5865, 'CORDOBA', 4),
(1274, 5870, 'VILLA DOLORES', 4),
(1275, 5871, 'CORDOBA', 4),
(1276, 5873, 'CORDOBA', 4),
(1277, 5875, 'CORDOBA', 4),
(1278, 5877, 'CORDOBA', 4),
(1279, 5879, 'LA PAZ', 4),
(1280, 5885, 'CORDOBA', 4),
(1281, 5887, 'CORDOBA', 4),
(1282, 5889, 'MINA CLAVERO', 4),
(1283, 5891, 'CORDOBA', 4),
(1284, 5893, 'CORDOBA', 4),
(1285, 5900, 'VILLA MARIA', 4),
(1286, 5901, 'CORDOBA', 4),
(1287, 5903, 'VILLANUEVA', 4),
(1288, 5905, 'CORDOBA', 4),
(1289, 5907, 'COLONIA SILVIO PELLICO', 4),
(1290, 5909, 'CORDOBA', 4),
(1291, 5911, 'LA PLAYOSA', 4),
(1292, 5913, 'POZO DEL MOLLE', 4),
(1293, 5915, 'CARRILOBO', 4),
(1294, 5917, 'ARROYO CABRAL', 4),
(1295, 5919, 'CORDOBA', 4),
(1296, 5921, 'LAS PERDICES', 4),
(1297, 5923, 'GENERAL DEHEZA', 4),
(1298, 5925, 'PASCO', 4),
(1299, 5927, 'TICINO', 4),
(1300, 5929, 'HERNANDO', 4),
(1301, 5931, 'CORDOBA', 4),
(1302, 5933, 'TANCACHA', 4),
(1303, 5935, 'CORDOBA', 4),
(1304, 5936, 'TIO PUJIO', 4),
(1305, 5940, 'LAS VARILLAS', 4),
(1306, 5941, 'LAS VARAS', 4),
(1307, 5943, 'SATURNINO LASPIUR', 4),
(1308, 5945, 'SACANTA', 4),
(1309, 5947, 'EL ARA¥ADO', 4),
(1310, 5949, 'ALICIA)', 4),
(1311, 5951, 'CORDOBA', 4),
(1312, 5960, 'RIO SEGUNDO', 4),
(1313, 5961, 'CORDOBA', 4),
(1314, 5963, 'VILLA DEL ROSARIO', 4),
(1315, 5965, 'COLAZO', 4),
(1316, 5967, 'LUQUE', 4),
(1317, 5969, 'CALCHIN', 4),
(1318, 5972, 'PILAR', 4),
(1319, 5974, 'LAGUNA LARGA', 4),
(1320, 5980, 'OLIVA', 4),
(1321, 5984, 'JAMES CRAIX', 4),
(1322, 5986, 'ONCATIVO', 4),
(1323, 5987, 'CORDOBA', 4),
(1324, 5988, 'CORDOBA', 4),
(1325, 5989, 'CORDOBA', 4),
(1326, 6101, 'LA CESIRA', 4),
(1327, 6119, 'CORDOBA', 4),
(1328, 6120, 'LABOULAYE', 4),
(1329, 6121, 'HUANCHILLA', 4),
(1330, 6123, 'CORDOBA', 4),
(1331, 6125, 'SERRANO', 4),
(1332, 6127, 'JOVITA', 4),
(1333, 6128, 'CORDOBA', 4),
(1334, 6132, 'GENERAL LAVALLE', 4),
(1335, 6134, 'CORDOBA', 4),
(1336, 6140, 'VICU¥A MACKENNA', 4),
(1337, 6141, 'CORDOBA', 4),
(1338, 6142, 'CORDOBA', 4),
(1339, 6144, 'CORDOBA', 4),
(1340, 6153, 'CORDOBA', 4),
(1341, 6225, 'BUCHARDO', 4),
(1342, 6227, 'CORDOBA', 4),
(1343, 6270, 'HUINCA RENANCO', 4),
(1344, 6271, 'DEL CAMPILLO', 4),
(1345, 6273, 'VILLA VALERIA', 4),
(1346, 6275, 'VILLA HUIDOBRO', 4),
(1347, 6279, 'CORDOBA', 4),
(1348, 8184, 'CORDOBA', 4),
(1349, 8522, 'CORDOBA', 4),
(1350, 3185, 'CURUZU CUATIA', 5),
(1351, 3194, 'CORRIENTES', 5),
(1352, 3196, 'ESQUINA', 5),
(1353, 3197, 'CORRIENTES', 5),
(1354, 3199, 'CORRIENTES', 5),
(1355, 3220, 'MONTE CASEROS', 5),
(1356, 3222, 'CORRIENTES', 5),
(1357, 3224, 'CORRIENTES', 5),
(1358, 3226, 'COLONIA MOCORETA', 5),
(1359, 3230, 'PASO DE LOS LIBRES', 5),
(1360, 3231, 'CORRIENTES', 5),
(1361, 3232, 'CORRIENTES', 5),
(1362, 3234, 'CORRIENTES', 5),
(1363, 3266, 'CORRIENTES', 5),
(1364, 3302, 'ITUZAINGO', 5),
(1365, 3340, 'SANTO TOME', 5),
(1366, 3342, 'VIRASORO', 5),
(1367, 3346, 'LA CRUZ', 5),
(1368, 3351, 'CORRIENTES', 5),
(1369, 3358, 'COLONIA LIEBIG', 5),
(1370, 3400, 'CORRIENTES', 5),
(1371, 3401, 'CORRIENTES', 5),
(1372, 3403, 'SAN LUIS DEL PALMAR', 5),
(1373, 3405, 'CORRIENTES', 5),
(1374, 3406, 'CORRIENTES', 5),
(1375, 3407, 'GENERAL PAZ', 5),
(1376, 3409, 'CORRIENTES', 5),
(1377, 3412, 'CORRIENTES', 5),
(1378, 3414, 'LTATL', 5),
(1379, 3416, 'CORRIENTES', 5),
(1380, 3418, 'EMPEDRADO', 5),
(1381, 3420, 'SALADAS', 5),
(1382, 3421, 'SANTA ROSA', 5),
(1383, 3423, 'CONCEPCION', 5),
(1384, 3425, 'CORRIENTES', 5),
(1385, 3427, 'MBURUCUYá', 5),
(1386, 3428, 'CORRIENTES', 5),
(1387, 3432, 'BELLA VISTA', 5),
(1388, 3433, 'CORRIENTES', 5),
(1389, 3440, 'SANTA LUCIA', 5),
(1390, 3441, 'CORRIENTES', 5),
(1391, 3443, 'CORRIENTES', 5),
(1392, 3445, 'GOBERNADOR MARTINEZ', 5),
(1393, 3446, 'CORRIENTES', 5),
(1394, 3448, 'SAN ROQUE', 5),
(1395, 3449, 'CORRIENTES', 5),
(1396, 3450, 'GOYA', 5),
(1397, 3451, 'CORRIENTES', 5),
(1398, 3453, 'CORRIENTES', 5),
(1399, 3454, 'CORRIENTES', 5),
(1400, 3460, 'CURUZU CUATIA', 5),
(1401, 3461, 'PERU GORRIA', 5),
(1402, 3463, 'SAUCE', 5),
(1403, 3465, 'CORRIENTES', 5),
(1404, 3466, 'CORRIENTES', 5),
(1405, 3470, 'MERCEDES', 5),
(1406, 3471, 'CORRIENTES', 5),
(1407, 3474, 'CHAVARRíA', 5),
(1408, 3476, 'MARIANO 1. LOZA', 5),
(1409, 3480, 'LTá ÖBATE', 5),
(1410, 3481, 'BERON DE ASTRADA', 5),
(1411, 3483, 'CORRIENTES', 5),
(1412, 3485, 'SAN MIGUEL', 5),
(1413, 3486, 'CORRIENTES', 5),
(1414, 3487, 'CORRIENTES', 5),
(1415, 3641, 'CORRIENTES', 5),
(1416, 3500, 'RESISTENCIA', 16),
(1417, 3501, 'CHACO', 16),
(1418, 3503, 'BARRANQUERAS', 16),
(1419, 3505, 'CHACO', 16),
(1420, 3506, 'CHACO', 16),
(1421, 3507, 'CHACO', 16),
(1422, 3508, 'CHACO', 16),
(1423, 3509, 'GENERAL J. DE SAN MARTIN', 16),
(1424, 3511, 'CHACO', 16),
(1425, 3513, 'CHACO', 16),
(1426, 3514, 'LA VERDE', 16),
(1427, 3515, 'COLONIA ELISA', 16),
(1428, 3518, 'LA LEONESA', 16),
(1429, 3522, 'CHACO', 16),
(1430, 3524, 'CHACO', 16),
(1431, 3526, 'CHACO', 16),
(1432, 3530, 'QUITILIPI', 16),
(1433, 3531, 'P. DEL INDIO', 16),
(1434, 3532, 'CHACO', 16),
(1435, 3534, 'MACHAGAI', 16),
(1436, 3536, 'PRESIDENCIA DE LA PLAZA', 16),
(1437, 3540, 'VILLA ANGELA', 16),
(1438, 3541, 'SANTA SILVINA', 16),
(1439, 3543, 'CHACO', 16),
(1440, 3545, 'VILLA BERTHET', 16),
(1441, 3700, 'PRESIDENCIA R. S. PE¥A', 16),
(1442, 3701, 'SAN BERNARDO', 16),
(1443, 3703, 'TRES ISLETAS', 16),
(1444, 3705, 'COLONIA J. J. CASTELLI', 16),
(1445, 3706, 'CHACO', 16),
(1446, 3708, 'P. DE INFIERNO', 16),
(1447, 3716, 'CAMPO LARGO', 16),
(1448, 3722, 'LAS BRE¥AS', 16),
(1449, 3730, 'CHARATA', 16),
(1450, 3731, 'CHACO', 16),
(1451, 3732, 'PINEDO CENTRAL', 16),
(1452, 3733, 'HERMOSO CAMPO', 16),
(1453, 3734, 'CHACO', 16),
(1454, 8211, 'CHUBUT', 17),
(1455, 8217, 'CHUBUT', 17),
(1456, 8415, 'CHUBUT', 17),
(1457, 8431, 'LAGO PUELO', 17),
(1458, 9000, 'CHUBUT', 17),
(1459, 9001, 'COMODORO RIVADAVIA', 17),
(1460, 9003, 'CHUBUT', 17),
(1461, 9005, 'GENERAL MOSCONI', 17),
(1462, 9007, 'CHUBUT', 17),
(1463, 9009, 'CHUBUT', 17),
(1464, 9020, 'SARMIENTO', 17),
(1465, 9021, 'CHUBUT', 17),
(1466, 9023, 'CHUBUT', 17),
(1467, 9030, 'RIO MAYO', 17),
(1468, 9031, 'CHUBUT', 17),
(1469, 9033, 'CHUBUT', 17),
(1470, 9035, 'CHUBUT', 17),
(1471, 9036, 'CHUBUT', 17),
(1472, 9037, 'CHUBUT', 17),
(1473, 9039, 'CHUBUT', 17),
(1474, 9100, 'TRELEW', 17),
(1475, 9101, 'CHUBUT', 17),
(1476, 9103, 'RAWSON', 17),
(1477, 9105, 'GAIMAN', 17),
(1478, 9107, 'DOLAVON', 17),
(1479, 9111, 'CAMARONES', 17),
(1480, 9113, 'CHUBUT', 17),
(1481, 9120, 'PUERTO MADRYN', 17),
(1482, 9121, 'CHUBUT', 17),
(1483, 9123, 'CHUBUT', 17),
(1484, 9200, 'ESQUEL', 17),
(1485, 9201, 'CHUBUT', 17),
(1486, 9203, 'TREVELIN', 17),
(1487, 9207, 'CHUBUT', 17),
(1488, 9210, 'EL MAITEN', 17),
(1489, 9211, 'CHUBUT', 17),
(1490, 9213, 'CHUBUT', 17),
(1491, 9217, 'CHUBUT', 17),
(1492, 9220, 'CHUBUT', 17),
(1493, 9221, 'CHUBUT', 17),
(1494, 9223, 'GOBERNADOR COSTA', 17),
(1495, 9225, 'CHUBUT', 17),
(1496, 9227, 'CHUBUT', 17),
(1497, 9431, 'CHUBUT', 17),
(1498, 2100, 'ENTRE RIOS', 6),
(1499, 2381, 'ENTRE RIOS', 6),
(1500, 2820, 'GUALEGUAYCHU', 6),
(1501, 2821, 'ENTRE RIOS', 6),
(1502, 2823, 'VILLA PARANACITO', 6),
(1503, 2824, 'ENTRE RIOS', 6),
(1504, 2826, 'SAN ANTONIO', 6),
(1505, 2828, 'ENTRE RIOS', 6),
(1506, 2840, 'GUALEGUAY', 6),
(1507, 2841, 'ENTRE RIOS', 6),
(1508, 2843, 'GALARZA', 6),
(1509, 2845, 'GOBERNADOR MANSILLA', 6),
(1510, 2846, 'J. DE LBICUY', 6),
(1511, 2848, 'ENTRE RIOS', 6),
(1512, 2852, 'ENTRE RIOS', 6),
(1513, 2854, 'LARROQUE', 6),
(1514, 2864, 'ENTRE RIOS', 6),
(1515, 3100, 'PARANA', 6),
(1516, 3101, 'ALDEA VALLE MARIA', 6),
(1517, 3103, 'VILLA LIBERTADOR SAN MARTIN', 6),
(1518, 3105, 'DIAMANTE', 6),
(1519, 3107, 'ENTRE RIOS', 6),
(1520, 3109, 'VIALE', 6),
(1521, 3111, 'VILLA TABOSSI', 6),
(1522, 3112, 'ENTRE RIOS', 6),
(1523, 3113, 'ENTRE RIOS', 6),
(1524, 3114, 'ENTRE RIOS', 6),
(1525, 3116, 'CRESPO', 6),
(1526, 3117, 'SEGUI', 6),
(1527, 3118, 'ENTRE RIOS', 6),
(1528, 3122, 'CERRITO', 6),
(1529, 3123, 'ENTRE RIOS', 6),
(1530, 3125, 'ENTRE RIOS', 6),
(1531, 3126, 'ENTRE RIOS', 6),
(1532, 3127, 'VILLA HERNANDARIAS', 6),
(1533, 3128, 'ENTRE RIOS', 6),
(1534, 3129, 'ENTRE RIOS', 6),
(1535, 3132, 'ENTRE RIOS', 6),
(1536, 3133, 'MARíA GRANDE', 6),
(1537, 3134, 'HASENKAMP', 6),
(1538, 3136, 'ENTRE RIOS', 6),
(1539, 3137, 'ENTRE RIOS', 6),
(1540, 3138, 'ALCARAZ', 6),
(1541, 3142, 'BOVRII', 6),
(1542, 3144, 'SAUCE DE LUNA', 6),
(1543, 3150, 'NOGOYA', 6),
(1544, 3151, 'ENTRE RIOS', 6),
(1545, 3153, 'VICTORIA', 6),
(1546, 3155, 'ENTRE RIOS', 6),
(1547, 3156, 'VILLA HERNANDEZ', 6),
(1548, 3158, 'LUCAS GONZALEZ', 6),
(1549, 3159, 'ENTRE RIOS', 6),
(1550, 3162, 'ARANGUREN', 6),
(1551, 3164, 'RAMIREZ', 6),
(1552, 3170, 'BASALVIBASO', 6),
(1553, 3172, 'ENTRE RIOS', 6),
(1554, 3174, 'ROSARIO DEL TALA', 6),
(1555, 3176, 'ENTRE RIOS', 6),
(1556, 3177, 'MACIA', 6),
(1557, 3180, 'FEDERAL', 6),
(1558, 3181, 'ENTRE RIOS', 6),
(1559, 3183, 'ENTRE RIOS', 6),
(1560, 3187, 'SAN JOSE DE FELICIANO', 6),
(1561, 3188, 'ENTRE RIOS', 6),
(1562, 3190, 'LA PAZ', 6),
(1563, 3191, 'ENTRE RIOS', 6),
(1564, 3192, 'SANTA ELENA', 6),
(1565, 3200, 'CONCORDIA', 6),
(1566, 3201, 'ENTRE RIOS', 6),
(1567, 3203, 'ENTRE RIOS', 6),
(1568, 3204, 'ENTRE RIOS', 6),
(1569, 3206, 'FEDERACION', 6),
(1570, 3208, 'ENTRE RIOS', 6),
(1571, 3212, 'LOS CHARIúAS', 6),
(1572, 3214, 'ENTRE RIOS', 6),
(1573, 3216, 'GENERAL CAMPOS', 6),
(1574, 3218, 'SAN SALVADOR', 6),
(1575, 3228, 'CHAJARI', 6),
(1576, 3229, 'VILLA DEL ROSARIO', 6),
(1577, 3240, 'VILLAGUAY', 6),
(1578, 3241, 'ENTRE RIOS', 6),
(1579, 3244, 'ENTRE RIOS', 6),
(1580, 3246, 'VILLA DORNíNGUEZ', 6),
(1581, 3248, 'ENTRE RIOS', 6),
(1582, 3252, 'VILLA CLARA', 6),
(1583, 3254, 'ENTRE RIOS', 6),
(1584, 3260, 'CONCEPCION DEL URUGUAY', 6),
(1585, 3261, 'ENTRE RIOS', 6),
(1586, 3262, 'CASEROS', 6),
(1587, 3263, 'ENTRE RIOS', 6),
(1588, 3265, 'VILLA ELISA', 6),
(1589, 3267, 'ENTRE RIOS', 6),
(1590, 3269, 'ENTRE RIOS', 6),
(1591, 3272, 'HERRERA', 6),
(1592, 3280, 'COLON', 6),
(1593, 3281, 'ENTRE RIOS', 6),
(1594, 3283, 'SAN JOSE', 6),
(1595, 3285, 'ENTRE RIOS', 6),
(1596, 3287, 'ENTRE RIOS', 6),
(1597, 3826, 'ENTRE RIOS', 6),
(1598, 3525, 'FORMOSA', 18),
(1599, 3600, 'FORMOSA', 18),
(1600, 3601, 'FORMOSA', 18),
(1601, 3603, 'EL COLORADO', 18),
(1602, 3604, 'FORMOSA', 18),
(1603, 3606, 'PIRANE', 18),
(1604, 3608, 'FORMOSA', 18),
(1605, 3610, 'CLORINDA', 18),
(1606, 3611, 'FORMOSA', 18),
(1607, 3613, 'LAGUNA BLANCA', 18),
(1608, 3615, 'FORMOSA', 18),
(1609, 3620, 'COMANDANTE FONTANA', 18),
(1610, 3621, 'FORMOSA', 18),
(1611, 3622, 'FORMOSA', 18),
(1612, 3624, 'ÖBARRETA', 18),
(1613, 3626, 'FORMOSA', 18),
(1614, 3628, 'FORMOSA', 18),
(1615, 3630, 'LAS LOMITAS', 18),
(1616, 3632, 'FORMOSA', 18),
(1617, 3634, 'FORMOSA', 18),
(1618, 3636, 'FORMOSA', 18),
(1619, 4411, 'JUJUY', 7),
(1620, 4413, 'JUJUY', 7),
(1621, 4431, 'JUJUY', 7),
(1622, 4461, 'JUJUY', 7),
(1623, 4500, 'SAN PEDRO DE JUJUY', 7),
(1624, 4501, 'JUJUY', 7),
(1625, 4503, 'JUJUY', 7),
(1626, 4504, 'JUJUY', 7),
(1627, 4506, 'JUJUY', 7),
(1628, 4512, 'LIBERTADOR SAN MARTIN', 7),
(1629, 4513, 'JUJUY', 7),
(1630, 4514, 'JUJUY', 7),
(1631, 4516, 'JUJUY', 7),
(1632, 4518, 'JUJUY', 7),
(1633, 4522, 'JUJUY', 7),
(1634, 4542, 'JUJUY', 7),
(1635, 4561, 'JUJUY', 7),
(1636, 4600, 'SAN SALVADOR DE JUJUY', 7),
(1637, 4601, 'JUJUY', 7),
(1638, 4603, 'EL CARMEN', 7),
(1639, 4605, 'JUJUY', 7),
(1640, 4606, 'JUJUY', 7),
(1641, 4608, 'PERICO', 7),
(1642, 4612, 'PALPALA', 7),
(1643, 4616, 'JUJUY', 7),
(1644, 4618, 'JUJUY', 7),
(1645, 4622, 'JUJUY', 7),
(1646, 4624, 'JUJUY', 7),
(1647, 4626, 'JUJUY', 7),
(1648, 4630, 'HUMAHUACA', 7),
(1649, 4631, 'JUJUY', 7),
(1650, 4632, 'JUJUY', 7),
(1651, 4633, 'JUJUY', 7),
(1652, 4634, 'JUJUY', 7),
(1653, 4640, 'ABRA PAMPA', 7),
(1654, 4641, 'JUJUY', 7),
(1655, 4643, 'JUJUY', 7),
(1656, 4644, 'JUJUY', 7),
(1657, 4650, 'LA QUIACA', 7),
(1658, 4651, 'JUJUY', 7),
(1659, 4653, 'JUJUY', 7),
(1660, 4655, 'JUJUY', 7),
(1661, 5621, 'LA PAMPA', 21),
(1662, 6200, 'REALICO', 21),
(1663, 6201, 'LA PAMPA', 21),
(1664, 6203, 'LA PAMPA', 21),
(1665, 6205, 'INGENIERO LUIGGI', 21),
(1666, 6207, 'ALTA ITALIA', 21),
(1667, 6212, 'LA PAMPA', 21),
(1668, 6213, 'PARERA', 21),
(1669, 6214, 'RANCUL', 21),
(1670, 6220, 'BERNARDO LARROUDE', 21),
(1671, 6221, 'INTENDENTE ALVEAR', 21),
(1672, 6228, 'LA PAMPA', 21),
(1673, 6300, 'SANTA ROSA', 21),
(1674, 6301, 'MIGUEL RIGLOS', 21),
(1675, 6303, 'TOAY', 21),
(1676, 6305, 'DOBLAS', 21),
(1677, 6307, 'MACACHíN', 21),
(1678, 6309, 'GENERAL CAMPOS', 21),
(1679, 6311, 'GUATRACHE', 21),
(1680, 6312, 'LA PAMPA', 21),
(1681, 6313, 'WINIFREDA', 21),
(1682, 6315, 'COLONIA BARON', 21),
(1683, 6317, 'LA PAMPA', 21),
(1684, 6319, 'VICTORICA', 21),
(1685, 6321, 'TELEN', 21),
(1686, 6323, 'SANTA ÖSABEL', 21),
(1687, 6325, 'LA PAMPA', 21),
(1688, 6326, 'LA PAMPA', 21),
(1689, 6330, 'CATRILO', 21),
(1690, 6331, 'LA PAMPA', 21),
(1691, 6333, 'QUEMú QUEMú', 21),
(1692, 6336, 'LA PAMPA', 21),
(1693, 6345, 'LA PAMPA', 21),
(1694, 6352, 'LONQUIMAY', 21),
(1695, 6354, 'LA PAMPA', 21),
(1696, 6360, 'GENERAL PICO', 21),
(1697, 6361, 'LA PAMPA', 21),
(1698, 6365, 'LA PAMPA', 21),
(1699, 6367, 'LA PAMPA', 21),
(1700, 6369, 'TRENEL', 21),
(1701, 6380, 'EDUARDO CASTEX', 21),
(1702, 6381, 'LA PAMPA', 21),
(1703, 6383, 'LA PAMPA', 21),
(1704, 6385, 'LA PAMPA', 21),
(1705, 6387, 'CALEUFú', 21),
(1706, 8134, 'LA ADELA', 21),
(1707, 8200, 'GENERAL ACHA', 21),
(1708, 8201, 'COLONIA 25 DE MAYO', 21),
(1709, 8203, 'LA PAMPA', 21),
(1710, 8204, 'BERNASCONI', 21),
(1711, 8206, 'GENERAL SAN MARTIN', 21),
(1712, 8208, 'JACINTO ARAUZ', 21),
(1713, 8212, 'LA PAMPA', 21),
(1714, 8214, 'LA PAMPA', 21),
(1715, 8238, 'LA PAMPA', 21),
(1716, 5274, 'EL MILAGRO', 9),
(1717, 5276, 'LA RIOJA', 9),
(1718, 5300, 'LA RIOJA', 9),
(1719, 5301, 'ANILLACO', 9),
(1720, 5303, 'LA RIOJA', 9),
(1721, 5304, 'LA RIOJA', 9),
(1722, 5310, 'AIMOGASTA', 9),
(1723, 5311, 'LA RIOJA', 9),
(1724, 5313, 'LA RIOJA', 9),
(1725, 5316, 'LA RIOJA', 9),
(1726, 5325, 'LA RIOJA', 9),
(1727, 5327, 'SALICAS', 9),
(1728, 5329, 'LA RIOJA', 9),
(1729, 5350, 'VILLA UNION', 9),
(1730, 5351, 'LA RIOJA', 9),
(1731, 5353, 'LA RIOJA', 9),
(1732, 5355, 'LA RIOJA', 9),
(1733, 5357, 'VINCHINA', 9),
(1734, 5359, 'LA RIOJA', 9),
(1735, 5360, 'CHILECITO', 9),
(1736, 5361, 'LA RIOJA', 9),
(1737, 5363, 'LA RIOJA', 9),
(1738, 5365, 'FARNATINA', 9),
(1739, 5367, 'LA RIOJA', 9),
(1740, 5369, 'LA RIOJA', 9),
(1741, 5370, 'LA RIOJA', 9),
(1742, 5372, 'LA RIOJA', 9),
(1743, 5374, 'LA RIOJA', 9),
(1744, 5380, 'CHAMICAL', 9),
(1745, 5381, 'LA RIOJA', 9),
(1746, 5383, 'OLTA', 9),
(1747, 5384, 'LA RIOJA', 9),
(1748, 5385, 'LA RIOJA', 9),
(1749, 5386, 'LA RIOJA', 9),
(1750, 5470, 'CHEPES', 9),
(1751, 5471, 'LA RIOJA', 9),
(1752, 5472, 'LA RIOJA', 9),
(1753, 5473, 'LA RIOJA', 9),
(1754, 5474, 'LA RIOJA', 9),
(1755, 5475, 'LA RIOJA', 9),
(1756, 5717, 'LA RIOJA', 9),
(1757, 5741, 'LA RIOJA', 9),
(1758, 5500, 'MENDOZA', 8),
(1759, 5501, 'GODOY CRUZ', 8),
(1760, 5503, 'MENDOZA', 8),
(1761, 5505, 'LUJAN', 8),
(1762, 5507, 'LUJAN DE CUYO', 8),
(1763, 5509, 'BARRAQUERO', 8),
(1764, 5511, 'GENERAL GUTIERREZ', 8),
(1765, 5513, 'MENDOZA', 8),
(1766, 5515, 'MAIPU', 8),
(1767, 5517, 'MENDOZA', 8),
(1768, 5519, 'SAN JOSE DE GUAYMALLEN', 8),
(1769, 5521, 'VILLANUEVA', 8),
(1770, 5523, 'LAVALLE', 8),
(1771, 5525, 'RODEO DE LA CRUZ', 8),
(1772, 5527, 'LOS CORRALITOS', 8),
(1773, 5529, 'RODEO DEL MEDIO', 8),
(1774, 5531, 'FRAY LUIS BELTRAN', 8),
(1775, 5533, 'BERMEJO', 8),
(1776, 5535, 'COSTA DE ARAUJO', 8),
(1777, 5537, 'MENDOZA', 8),
(1778, 5539, 'LAS HERAS', 8),
(1779, 5541, 'EL PLUMERILLO', 8),
(1780, 5543, 'MENDOZA', 8),
(1781, 5544, 'MENDOZA', 8),
(1782, 5545, 'USPALLATA', 8),
(1783, 5547, 'VILLA HIPODROMO', 8),
(1784, 5549, 'MENDOZA', 8),
(1785, 5551, 'MENDOZA', 8),
(1786, 5553, 'MENDOZA', 8),
(1787, 5555, 'MENDOZA', 8),
(1788, 5557, 'MENDOZA', 8),
(1789, 5560, 'TUNUYAN', 8),
(1790, 5561, 'TUPUNGATO', 8),
(1791, 5563, 'MENDOZA', 8),
(1792, 5565, 'VISTAFLORES', 8),
(1793, 5567, 'LA CONSULTA', 8),
(1794, 5569, 'EUGENIO BUSTOS', 8),
(1795, 5570, 'GENERAL SAN MARTIN', 8),
(1796, 5571, 'MENDOZA', 8),
(1797, 5573, 'JUNIN', 8),
(1798, 5575, 'MENDOZA', 8),
(1799, 5577, 'RIVADAVIA', 8),
(1800, 5579, 'LA PAZ', 8),
(1801, 5580, 'MENDOZA', 8),
(1802, 5582, 'INGENIERO GIAGNONI', 8),
(1803, 5584, 'PALMIRA', 8),
(1804, 5585, 'MEDRANO', 8),
(1805, 5587, 'MENDOZA', 8),
(1806, 5589, 'MENDOZA', 8),
(1807, 5590, 'MENDOZA', 8),
(1808, 5591, 'MENDOZA', 8),
(1809, 5592, 'LA DORMIDA', 8),
(1810, 5594, 'LAS CATITAS', 8),
(1811, 5595, 'MENDOZA', 8),
(1812, 5596, 'SANTA ROSA', 8),
(1813, 5598, 'MENDOZA', 8),
(1814, 5600, 'SAN RAFAEL', 8),
(1815, 5601, 'MENDOZA', 8),
(1816, 5603, 'GOUDGE', 8),
(1817, 5605, 'MENDOZA', 8),
(1818, 5607, 'MENDOZA', 8),
(1819, 5609, 'GUAYMALLEN', 8),
(1820, 5611, 'MENDOZA', 8),
(1821, 5613, 'MALARGUE', 8),
(1822, 5615, 'MENDOZA', 8),
(1823, 5620, 'GENERAL ALVEAR', 8),
(1824, 5622, 'VILLA ATUEL', 8),
(1825, 5623, 'MENDOZA', 8),
(1826, 5624, 'REAL DEL PADRE', 8),
(1827, 5632, 'MENDOZA', 8),
(1828, 5634, 'BOWEN', 8),
(1829, 5635, 'MENDOZA', 8),
(1830, 5636, 'MENDOZA', 8),
(1831, 5637, 'MENDOZA', 8),
(1832, 5677, 'MENDOZA', 8),
(1833, 3300, 'POSADAS', 19),
(1834, 3304, 'MISIONES', 19),
(1835, 3306, 'MISIONES', 19),
(1836, 3308, 'MISIONES', 19),
(1837, 3309, 'MISIONES', 19),
(1838, 3311, 'MISIONES', 19),
(1839, 3313, 'CERRO AZUL', 19),
(1840, 3315, 'LEANDRO N. ALEM', 19),
(1841, 3316, 'MISIONES', 19),
(1842, 3317, 'MISIONES', 19),
(1843, 3318, 'MISIONES', 19),
(1844, 3322, 'SAN IGNACIO', 19);
INSERT INTO `localidad` (`id`, `cp`, `nombre`, `provincia_id`) VALUES
(1845, 3324, 'GOBERNADOR ROCA', 19),
(1846, 3326, 'MISIONES', 19),
(1847, 3327, 'MISIONES', 19),
(1848, 3328, 'JARDIN AMERICA', 19),
(1849, 3332, 'CAPIOVI', 19),
(1850, 3334, 'PUERTO RICO', 19),
(1851, 3350, 'APOSTOLES', 19),
(1852, 3353, 'MISIONES', 19),
(1853, 3355, 'DE LA SIERRA', 19),
(1854, 3357, 'SAN JAVIER', 19),
(1855, 3360, 'OBERA', 19),
(1856, 3361, 'OBERA', 19),
(1857, 3362, 'CAMPO GRANDE', 19),
(1858, 3363, 'VEINTICINCO DE MAYO', 19),
(1859, 3364, 'SAN VICENTE', 19),
(1860, 3366, 'BERNARDO DE IRIGOYEN', 19),
(1861, 3370, 'PUERTO IGUAZU', 19),
(1862, 3371, 'MISIONES', 19),
(1863, 3372, 'MISIONES', 19),
(1864, 3374, 'PUERTO LIBERTAD', 19),
(1865, 3376, 'COLONIA WANDA', 19),
(1866, 3378, 'PUERTO ESPERANZA', 19),
(1867, 3380, 'EL DORADO', 19),
(1868, 3381, 'MISIONES', 19),
(1869, 3382, 'MISIONES', 19),
(1870, 3384, 'MONTECARLO', 19),
(1871, 3386, 'MISIONES', 19),
(1872, 8300, 'NEUQUEN', 20),
(1873, 8301, 'NEUQUEN', 20),
(1874, 8305, 'S. P DEL CHA¥AR', 20),
(1875, 8309, 'CENTENARIO', 20),
(1876, 8311, 'EL CHOCON', 20),
(1877, 8313, 'PICUN LEUFU', 20),
(1878, 8315, 'PIEDRA DEL AGUILA', 20),
(1879, 8316, 'SENILLOSA', 20),
(1880, 8318, 'PLAZA HUINCUL', 20),
(1881, 8319, 'RINCON DE LOS SAUCES', 20),
(1882, 8322, 'CUTRAL CO', 20),
(1883, 8334, 'INGENIERO HUERGO', 20),
(1884, 8340, 'ZAPALA', 20),
(1885, 8341, 'NEUQUEN', 20),
(1886, 8345, 'ALUMINé', 20),
(1887, 8347, 'LAS LAJAS', 20),
(1888, 8349, 'LONCOPUE', 20),
(1889, 8351, 'NEUQUEN', 20),
(1890, 8353, 'CHOS MALAÖ', 20),
(1891, 8357, 'NEUQUEN', 20),
(1892, 8363, 'NEUQUEN', 20),
(1893, 8370, 'SAN MARTIN DE LOS ANDES', 20),
(1894, 8371, 'JUNIN DE LOS ANDES', 20),
(1895, 8373, 'NEUQUEN', 20),
(1896, 8375, 'NEUQUEN', 20),
(1897, 8401, 'NEUQUEN', 20),
(1898, 8403, 'NEUQUEN', 20),
(1899, 8407, 'VILLA LA ANGOSTURA', 20),
(1900, 8138, 'RIO COLORADO', 22),
(1901, 8303, 'CINCO SALTOS', 22),
(1902, 8307, 'CATRIEL', 22),
(1903, 8324, 'CIPOLLETTI', 22),
(1904, 8326, 'RIO NEGRO', 22),
(1905, 8328, 'ALLEN', 22),
(1906, 8332, 'GENERAL ROCA', 22),
(1907, 8333, 'RIO NEGRO', 22),
(1908, 8336, 'VILLA REGINA', 22),
(1909, 8337, 'CHINCHINALES', 22),
(1910, 8356, 'RIO NEGRO', 22),
(1911, 8360, 'CHOELE CHOEL', 22),
(1912, 8361, 'LUIS BELTRAN', 22),
(1913, 8364, 'RIO NEGRO', 22),
(1914, 8366, 'RIO NEGRO', 22),
(1915, 8400, 'SAN CARLOS DE BARILOCHE', 22),
(1916, 8409, 'RIO NEGRO', 22),
(1917, 8411, 'RIO NEGRO', 22),
(1918, 8412, 'RIO NEGRO', 22),
(1919, 8416, 'RIO NEGRO', 22),
(1920, 8417, 'RIO NEGRO', 22),
(1921, 8418, 'INGENIERO JACOBACCI', 22),
(1922, 8422, 'RIO NEGRO', 22),
(1923, 8424, 'RIO NEGRO', 22),
(1924, 8430, 'EL BOLSON', 22),
(1925, 8500, 'VIEDMA', 22),
(1926, 8501, 'RIO NEGRO', 22),
(1927, 8503, 'GENERAL CONESA', 22),
(1928, 8505, 'RIO NEGRO', 22),
(1929, 8514, 'RIO NEGRO', 22),
(1930, 8520, 'SAN ANTONIO OESTE', 22),
(1931, 8521, 'RIO NEGRO', 22),
(1932, 8532, 'SIERRA GRANDE', 22),
(1933, 8534, 'RIO NEGRO', 22),
(1934, 8536, 'RIO NEGRO', 22),
(1935, 9138, 'RIO NEGRO', 22),
(1936, 4123, 'SALTA', 10),
(1937, 4126, 'SALTA', 10),
(1938, 4190, 'ROSARIO DE LA FRONTERA', 10),
(1939, 4191, 'SALTA', 10),
(1940, 4193, 'SALTA', 10),
(1941, 4198, 'SALTA', 10),
(1942, 4400, 'SALTA', 10),
(1943, 4401, 'SALTA', 10),
(1944, 4403, 'SALTA', 10),
(1945, 4405, 'ROSARIO DE LERMA', 10),
(1946, 4407, 'SALTA', 10),
(1947, 4409, 'SALTA', 10),
(1948, 4415, 'SALTA', 10),
(1949, 4417, 'SALTA', 10),
(1950, 4419, 'SALTA', 10),
(1951, 4421, 'SALTA', 10),
(1952, 4423, 'SALTA', 10),
(1953, 4425, 'SALTA', 10),
(1954, 4427, 'CAFAYATE', 10),
(1955, 4430, 'GENERAL M. DE GUEMES', 10),
(1956, 4432, 'SALTA', 10),
(1957, 4434, 'SALTA', 10),
(1958, 4440, 'METáN', 10),
(1959, 4441, 'SALTA', 10),
(1960, 4444, 'SALTA', 10),
(1961, 4446, 'SALTA', 10),
(1962, 4448, 'JOAQUIN V. GONZALEZ', 10),
(1963, 4449, 'LAS LAJITAS', 10),
(1964, 4452, 'SALTA', 10),
(1965, 4530, 'ORAN', 10),
(1966, 4531, 'SANTA ROSA', 10),
(1967, 4533, 'SALTA', 10),
(1968, 4534, 'SALTA', 10),
(1969, 4535, 'SALTA', 10),
(1970, 4537, 'SALTA', 10),
(1971, 4538, 'SALTA', 10),
(1972, 4550, 'EMBARCACION', 10),
(1973, 4552, 'SALTA', 10),
(1974, 4554, 'SALTA', 10),
(1975, 4560, 'TARTAGAL', 10),
(1976, 4562, 'SALTA', 10),
(1977, 4563, 'SALTA', 10),
(1978, 4564, 'SALTA', 10),
(1979, 4565, 'TARTAGAL', 10),
(1980, 4566, 'SALTA', 10),
(1981, 4568, 'POCITOS', 10),
(1982, 6469, 'MONES CAZON', 10),
(1983, 6621, 'GOBERNADOR UGARTE', 10),
(1984, 7003, 'MARIA IGNACIA', 10),
(1985, 7011, 'JUAN N. FERNANDEZ', 10),
(1986, 5400, 'SAN JUAN', 11),
(1987, 5401, 'SAN JUAN', 11),
(1988, 5403, 'SAN JUAN', 11),
(1989, 5405, 'BARREAL', 11),
(1990, 5407, 'SAN JUAN', 11),
(1991, 5409, 'SAN JUAN', 11),
(1992, 5411, 'SAN JUAN', 11),
(1993, 5413, 'CHIMBAS', 11),
(1994, 5415, 'SAN JUAN', 11),
(1995, 5417, 'SAN JUAN', 11),
(1996, 5419, 'ALBARDON', 11),
(1997, 5421, 'SAN JUAN', 11),
(1998, 5423, 'SAN JUAN', 11),
(1999, 5424, 'SAN JUAN', 11),
(2000, 5425, 'RAWSON', 11),
(2001, 5427, 'SAN JUAN', 11),
(2002, 5428, 'POCITOS', 11),
(2003, 5429, 'SAN JUAN', 11),
(2004, 5431, 'SAN JUAN', 11),
(2005, 5433, 'SAN JUAN', 11),
(2006, 5436, 'SAN JUAN', 11),
(2007, 5438, 'SAN JUAN', 11),
(2008, 5439, 'SAN JUAN', 11),
(2009, 5442, 'CAUCETE', 11),
(2010, 5443, 'SAN JUAN', 11),
(2011, 5444, 'SAN JUAN', 11),
(2012, 5446, 'SAN JUAN', 11),
(2013, 5447, 'SAN JUAN', 11),
(2014, 5449, 'SAN JUAN', 11),
(2015, 5460, 'JACHAL', 11),
(2016, 5461, 'SAN JUAN', 11),
(2017, 5463, 'SAN JUAN', 11),
(2018, 5465, 'SAN JUAN', 11),
(2019, 5467, 'SAN JUAN', 11),
(2020, 5480, 'SAN JUAN', 11),
(2021, 5546, 'SAN JUAN', 11),
(2022, 4703, 'SAN LUIS', 12),
(2023, 5700, 'SAN LUIS', 12),
(2024, 5701, 'PRINGLES', 12),
(2025, 5703, 'SAN LUIS', 12),
(2026, 5705, 'SAN FRANCISCO', 12),
(2027, 5706, 'SAN LUIS', 12),
(2028, 5707, 'SAN LUIS', 12),
(2029, 5709, 'SAN LUIS', 12),
(2030, 5711, 'QUINES', 12),
(2031, 5712, 'SAN LUIS', 12),
(2032, 5713, 'CANDELARIA', 12),
(2033, 5714, 'SAN LUIS', 12),
(2034, 5715, 'SAN LUIS', 12),
(2035, 5719, 'AYACUCHO', 12),
(2036, 5721, 'SAN LUIS', 12),
(2037, 5722, 'SAN LUIS', 12),
(2038, 5724, 'SAN LUIS', 12),
(2039, 5730, 'VILLA MERCEDES', 12),
(2040, 5731, 'SAN LUIS', 12),
(2041, 5733, 'SAN LUIS', 12),
(2042, 5735, 'SAN LUIS', 12),
(2043, 5736, 'SAN LUIS', 12),
(2044, 5738, 'JUSTO DARACT', 12),
(2045, 5743, 'SAN LUIS', 12),
(2046, 5750, 'LA TOMA', 12),
(2047, 5751, 'SAN LUIS', 12),
(2048, 5755, 'SAN LUIS', 12),
(2049, 5757, 'SAN LUIS', 12),
(2050, 5759, 'NASCHEL', 12),
(2051, 5763, 'SAN LUIS', 12),
(2052, 5770, 'CONCARAN', 12),
(2053, 5771, 'SAN LUIS', 12),
(2054, 5773, 'SAN MARTIN', 12),
(2055, 5775, 'SAN LUIS', 12),
(2056, 5777, 'SANTA ROSA', 12),
(2057, 5779, 'SAN LUIS', 12),
(2058, 5789, 'SAN LUIS', 12),
(2059, 5835, 'SAN LUIS', 12),
(2060, 5881, 'MERLO', 12),
(2061, 5883, 'SAN LUIS', 12),
(2062, 5888, 'SAN LUIS', 12),
(2063, 6179, 'SAN LUIS', 12),
(2064, 6215, 'SAN LUIS', 12),
(2065, 6216, 'NUEVA GALIA', 12),
(2066, 6261, 'UNION', 12),
(2067, 6269, 'SAN LUIS', 12),
(2068, 6277, 'BUENA ESPERANZA', 12),
(2069, 6389, 'ARIZONA', 12),
(2070, 9011, 'CALETA OLIVIA', 23),
(2071, 9013, 'SANTA CRUZ', 23),
(2072, 9015, 'PICO TRUNCADO', 23),
(2073, 9017, 'LAS HERAS', 23),
(2074, 9019, 'SANTA CRUZ', 23),
(2075, 9040, 'PERITO MORENO', 23),
(2076, 9041, 'LOS ANTIGUOS', 23),
(2077, 9050, 'PUERTO DESEADO', 23),
(2078, 9051, 'SANTA CRUZ', 23),
(2079, 9053, 'SANTA CRUZ', 23),
(2080, 9300, 'SANTA CRUZ', 23),
(2081, 9301, 'SANTA CRUZ', 23),
(2082, 9303, 'LUIS PIEDRABUENA', 23),
(2083, 9305, 'SANTA CRUZ', 23),
(2084, 9310, 'SAN JULIAN', 23),
(2085, 9311, 'GOBERNADOR GREGORES', 23),
(2086, 9313, 'SANTA CRUZ', 23),
(2087, 9315, 'SANTA CRUZ', 23),
(2088, 9400, 'RIO GALLEGOS', 23),
(2089, 9401, 'SANTA CRUZ', 23),
(2090, 9405, 'EL CALAFATE', 23),
(2091, 9407, 'YACIMIENTO R. TURBIO', 23),
(2092, 9408, '28 DE NOVIEMBRE', 23),
(2093, 2000, 'ROSARIO', 13),
(2094, 2101, 'SANTA FE', 13),
(2095, 2103, 'J. B. MOLINA', 13),
(2096, 2105, 'SARGENTO CABRAL', 13),
(2097, 2107, 'ALVAREZ', 13),
(2098, 2109, 'ACEBAL', 13),
(2099, 2111, 'SANTA TERESA', 13),
(2100, 2113, 'PEYRANO', 13),
(2101, 2115, 'MAXIMO PAZ', 13),
(2102, 2117, 'ALCORTA', 13),
(2103, 2119, 'SANTA FE', 13),
(2104, 2121, 'PEREZ', 13),
(2105, 2123, 'SAN LORENZO', 13),
(2106, 2124, 'GOBERNADOR GALVEZ', 13),
(2107, 2126, 'GENERAL LAGOS', 13),
(2108, 2127, 'GENERAL LAGOS', 13),
(2109, 2128, 'ARROYO SECO', 13),
(2110, 2132, 'FUNES', 13),
(2111, 2134, 'ROLDAN', 13),
(2112, 2136, 'SAN JERONIMO SUR', 13),
(2113, 2138, 'CARCARA¥A', 13),
(2114, 2142, 'SALTO GRANDE', 13),
(2115, 2144, 'TOTORAS', 13),
(2116, 2146, 'SAN GENARO', 13),
(2117, 2147, 'SAN GENARO NORTE', 13),
(2118, 2148, 'CASAS', 13),
(2119, 2152, 'GRANADERO BAIGORRIA', 13),
(2120, 2154, 'CAPITAN BERMUDEZ', 13),
(2121, 2156, 'FRAY LUIS BELTRAN', 13),
(2122, 2170, 'CASILDA', 13),
(2123, 2173, 'SANDFORD', 13),
(2124, 2175, 'VILLA MUGUETA', 13),
(2125, 2177, 'BIGAND', 13),
(2126, 2179, 'BOMBAÖ', 13),
(2127, 2181, 'LOS MOLINOS', 13),
(2128, 2183, 'AREQUITO', 13),
(2129, 2185, 'SAN JOSE DE LA ESQUINA', 13),
(2130, 2187, 'ARTEAGA', 13),
(2131, 2200, 'SAN LORENZO', 13),
(2132, 2201, 'SANTA FE', 13),
(2133, 2202, 'PUERTO GENERAL SAN MARTIN', 13),
(2134, 2204, 'TIMBúES', 13),
(2135, 2206, 'OLIVEROS', 13),
(2136, 2208, 'MACIEL', 13),
(2137, 2211, 'SANTA FE', 13),
(2138, 2212, 'SANTA FE', 13),
(2139, 2214, 'ALDAO', 13),
(2140, 2216, 'SERODINO', 13),
(2141, 2218, 'CARRIZALES', 13),
(2142, 2222, 'SANTA FE', 13),
(2143, 2240, 'CORONDA', 13),
(2144, 2241, 'SANTA FE', 13),
(2145, 2242, 'SANTA FE', 13),
(2146, 2246, 'BARRANCAS', 13),
(2147, 2248, 'BERNARDO DE YRIGOYEN', 13),
(2148, 2252, 'GALVEZ', 13),
(2149, 2253, 'SANTA FE', 13),
(2150, 2255, 'SANTA FE', 13),
(2151, 2257, 'SANTA FE', 13),
(2152, 2258, 'SANTA CLARA BUENA VISTA', 13),
(2153, 2300, 'RAFAELA', 13),
(2154, 2301, 'RAMONA', 13),
(2155, 2303, 'SANTA FE', 13),
(2156, 2305, 'SANTA FE', 13),
(2157, 2307, 'ATALIVA', 13),
(2158, 2309, 'HUMBERTO 1 RO.', 13),
(2159, 2311, 'SANTA FE', 13),
(2160, 2313, 'MOISES VILLE', 13),
(2161, 2315, 'SANTA FE', 13),
(2162, 2317, 'EUSEBIA', 13),
(2163, 2318, 'SANTA FE', 13),
(2164, 2322, 'SUNCHALES', 13),
(2165, 2323, 'SANTA FE', 13),
(2166, 2324, 'SANTA FE', 13),
(2167, 2326, 'SANTA FE', 13),
(2168, 2340, 'CERES', 13),
(2169, 2342, 'SANTA FE', 13),
(2170, 2344, 'ARRUFO', 13),
(2171, 2345, 'VILLA TRINIDAD', 13),
(2172, 2347, 'SAN GUILLERMO', 13),
(2173, 2349, 'SUARDI', 13),
(2174, 2352, 'HERSILLA', 13),
(2175, 2403, 'SANTA FE', 13),
(2176, 2405, 'SANTA CLARA DE SAGUIER', 13),
(2177, 2407, 'ESTACION CLUCELLAS', 13),
(2178, 2409, 'ZENON PEREYRA', 13),
(2179, 2438, 'FRONTERA', 13),
(2180, 2440, 'MARCO SASTRE', 13),
(2181, 2441, 'SANTA FE', 13),
(2182, 2443, 'SANTA FE', 13),
(2183, 2445, 'MARIA JUANA', 13),
(2184, 2447, 'SAN VICENTE', 13),
(2185, 2449, 'S. M. ESCOBAS', 13),
(2186, 2451, 'SAN JORGE', 13),
(2187, 2453, 'CARLOS PELLEGRINI', 13),
(2188, 2454, 'CAÑADA ROSQUIN', 13),
(2189, 2456, 'SANTA FE', 13),
(2190, 2500, 'CAÑADA DE GOMEZ', 13),
(2191, 2501, 'BUSTINZA', 13),
(2192, 2503, 'VILLA ELOLSA', 13),
(2193, 2505, 'LAS PAREJAS', 13),
(2194, 2506, 'CORREA', 13),
(2195, 2508, 'ARMSTRONG', 13),
(2196, 2512, 'TORTUGAS', 13),
(2197, 2520, 'LAS ROSAS', 13),
(2198, 2521, 'MONTES DE OCA', 13),
(2199, 2523, 'BOUQUET', 13),
(2200, 2527, 'MARIA SUSANA', 13),
(2201, 2529, 'PIAMONTE', 13),
(2202, 2531, 'LANDETA', 13),
(2203, 2533, 'LOS CARDOS', 13),
(2204, 2535, 'EL TREBOL', 13),
(2205, 2600, 'VENADO TUERTO', 13),
(2206, 2601, 'MURPHY', 13),
(2207, 2602, 'MARIA TERESA', 13),
(2208, 2603, 'SANTA FE', 13),
(2209, 2605, 'SANTA ISABEL', 13),
(2210, 2607, 'VILLA CA¥AS', 13),
(2211, 2609, 'SANTA FE', 13),
(2212, 2611, 'SANTA FE', 13),
(2213, 2613, 'SAN GREGORIO', 13),
(2214, 2615, 'SAN EDUARDO', 13),
(2215, 2617, 'SANCTI SPIRITU', 13),
(2216, 2618, 'CARMEN', 13),
(2217, 2622, 'MAGGIOLO', 13),
(2218, 2630, 'FIRMAT', 13),
(2219, 2631, 'SANTA FE', 13),
(2220, 2633, 'SANTA FE', 13),
(2221, 2635, 'CAñADA DEÖ UCIE', 13),
(2222, 2637, 'LOS QUIRQUINCHOS', 13),
(2223, 2639, 'BERABEVU', 13),
(2224, 2643, 'CHAñAR LADEADO', 13),
(2225, 2722, 'WHEELWRIGHT', 13),
(2226, 2723, 'JUNCAL', 13),
(2227, 2725, 'HUGHES', 13),
(2228, 2726, 'SANTA FE', 13),
(2229, 2728, 'MELINCUE', 13),
(2230, 2729, 'CARRERAS', 13),
(2231, 2732, 'EL ORTONDO', 13),
(2232, 2918, 'PAVON', 13),
(2233, 2919, 'VILLA CONSTITUCION', 13),
(2234, 2921, 'GODOY', 13),
(2235, 3000, 'SANTA FE', 13),
(2236, 3001, 'SANTA FE', 13),
(2237, 3002, 'SANTA FE', 13),
(2238, 3003, 'HELVECIA', 13),
(2239, 3005, 'SAN JAVIER', 13),
(2240, 3007, 'SANTA FE', 13),
(2241, 3009, 'FRANK', 13),
(2242, 3011, 'PEREIRA', 13),
(2243, 3013, 'SAN CARLOS CENTRO', 13),
(2244, 3014, 'SANTA FE', 13),
(2245, 3016, 'SANTO TOME', 13),
(2246, 3017, 'SANTA FE', 13),
(2247, 3018, 'RECREO', 13),
(2248, 3020, 'LAGUNA PAIVA', 13),
(2249, 3021, 'SANTA FE', 13),
(2250, 3023, 'PROGRESO', 13),
(2251, 3025, 'SANTA FE', 13),
(2252, 3027, 'SANTA FE', 13),
(2253, 3029, 'ELISA', 13),
(2254, 3032, 'SANTA FE', 13),
(2255, 3036, 'LLAMBI CAMPBELL', 13),
(2256, 3038, 'SANTA FE', 13),
(2257, 3040, 'SAN JUSTO', 13),
(2258, 3041, 'SANTA FE', 13),
(2259, 3042, 'SANTA FE', 13),
(2260, 3044, 'GOBERNADOR CRESPO', 13),
(2261, 3045, 'SANTA FE', 13),
(2262, 3046, 'SANTA FE', 13),
(2263, 3048, 'VIDELA', 13),
(2264, 3050, 'CALCHAQUI', 13),
(2265, 3051, 'SANTA FE', 13),
(2266, 3052, 'LA CRIOLLA', 13),
(2267, 3054, 'SANTA FE', 13),
(2268, 3056, 'MARGARITA', 13),
(2269, 3057, 'SANTA FE', 13),
(2270, 3060, 'TOSTADO', 13),
(2271, 3061, 'VILLAMINETTI', 13),
(2272, 3066, 'SANTA FE', 13),
(2273, 3070, 'SAN CRISTOBAL', 13),
(2274, 3071, 'SANTA FE', 13),
(2275, 3072, 'SANTA FE', 13),
(2276, 3074, 'SANTA FE', 13),
(2277, 3076, 'SANTA FE', 13),
(2278, 3080, 'ESPERANZA', 13),
(2279, 3081, 'HUMBOLDT', 13),
(2280, 3083, 'SANTA FE', 13),
(2281, 3085, 'PILAR', 13),
(2282, 3087, 'FELICIA', 13),
(2283, 3516, 'SANTA FE', 13),
(2284, 3550, 'VERA', 13),
(2285, 3551, 'SANTA FE', 13),
(2286, 3553, 'SANTA FE', 13),
(2287, 3555, 'ROMANG', 13),
(2288, 3557, 'SANTA FE', 13),
(2289, 3560, 'RECONQUISTA', 13),
(2290, 3561, 'AVELLANEDA', 13),
(2291, 3563, 'SANTA FE', 13),
(2292, 3565, 'SANTA FE', 13),
(2293, 3567, 'SANTA FE', 13),
(2294, 3569, 'SANTA FE', 13),
(2295, 3572, 'MALABRIGO', 13),
(2296, 3574, 'G.NORTE', 13),
(2297, 3575, 'SANTA FE', 13),
(2298, 3580, 'VILLA OCAMPO', 13),
(2299, 3581, 'SANTA FE', 13),
(2300, 3583, 'SANTA FE', 13),
(2301, 3585, 'SANTA FE', 13),
(2302, 3586, 'LAS TOSCAS', 13),
(2303, 3587, 'SANTA FE', 13),
(2304, 3589, 'SANTA FE', 13),
(2305, 3592, 'SANTA FE', 13),
(2306, 3607, 'SANTA FE', 13),
(2307, 4227, 'SANTO DOMINGO', 13),
(2308, 6009, 'TEODELINA', 13),
(2309, 6036, 'SANTA FE', 13),
(2310, 6039, 'SANTA FE', 13),
(2311, 6100, 'RUFINO', 13),
(2312, 6103, 'SANTA FE', 13),
(2313, 6106, 'SANTA FE', 13),
(2314, 2354, 'SELVA', 14),
(2315, 2356, 'PINTO', 14),
(2316, 2357, 'SANTIAGO DEL ESTERO', 14),
(2317, 3062, 'SANTIAGO DEL ESTERO', 14),
(2318, 3064, 'BANDERA', 14),
(2319, 3165, 'SANTIAGO DEL ESTERO', 14),
(2320, 3238, 'SANTIAGO DEL ESTERO', 14),
(2321, 3712, 'P. DE GUANACOS', 14),
(2322, 3714, 'MONTE QUEMADO', 14),
(2323, 3736, 'SANTIAGO DEL ESTERO', 14),
(2324, 3740, 'QUIMILI', 14),
(2325, 3741, 'SANTIAGO DEL ESTERO', 14),
(2326, 3743, 'TINTINA', 14),
(2327, 3745, 'SANTIAGO DEL ESTERO', 14),
(2328, 3747, 'SANTIAGO DEL ESTERO', 14),
(2329, 3749, 'SANTIAGO DEL ESTERO', 14),
(2330, 3752, 'SANTIAGO DEL ESTERO', 14),
(2331, 3760, 'AÑATUYA', 14),
(2332, 3761, 'SANTIAGO DEL ESTERO', 14),
(2333, 3763, 'LOS JURLES', 14),
(2334, 3765, 'SANTIAGO DEL ESTERO', 14),
(2335, 3766, 'SANTIAGO DEL ESTERO', 14),
(2336, 4176, 'SANTIAGO DEL ESTERO', 14),
(2337, 4184, 'SANTIAGO DEL ESTERO', 14),
(2338, 4186, 'SANTIAGO DEL ESTERO', 14),
(2339, 4187, 'SANTIAGO DEL ESTERO', 14),
(2340, 4189, 'SANTIAGO DEL ESTERO', 14),
(2341, 4195, 'SANTIAGO DEL ESTERO', 14),
(2342, 4197, 'NUEVA ESPERANZA', 14),
(2343, 4200, 'SANTIAGO DEL ESTERO', 14),
(2344, 4201, 'SANTIAGO DEL ESTERO', 14),
(2345, 4203, 'SANTIAGO DEL ESTERO', 14),
(2346, 4205, 'SANTIAGO DEL ESTERO', 14),
(2347, 4206, 'SANTIAGO DEL ESTERO', 14),
(2348, 4208, 'LORETO', 14),
(2349, 4212, 'SANTIAGO DEL ESTERO', 14),
(2350, 4220, 'TERMAS DE RIO HONDO', 14),
(2351, 4221, 'SANTIAGO DEL ESTERO', 14),
(2352, 4223, 'SANTIAGO DEL ESTERO', 14),
(2353, 4225, 'SANTIAGO DEL ESTERO', 14),
(2354, 4230, 'FRIAS', 14),
(2355, 4233, 'SANTIAGO DEL ESTERO', 14),
(2356, 4238, 'SAN PEDRO DE GUASAYáN', 14),
(2357, 4239, 'SANTIAGO DEL ESTERO', 14),
(2358, 4296, 'SANTIAGO DEL ESTERO', 14),
(2359, 4298, 'SANTIAGO DEL ESTERO', 14),
(2360, 4300, 'LA BANDA', 14),
(2361, 4301, 'COPO', 14),
(2362, 4302, 'SANTIAGO DEL ESTERO', 14),
(2363, 4303, 'SANTIAGO DEL ESTERO', 14),
(2364, 4304, 'SANTIAGO DEL ESTERO', 14),
(2365, 4306, 'SANTIAGO DEL ESTERO', 14),
(2366, 4308, 'SANTIAGO DEL ESTERO', 14),
(2367, 4312, 'SANTIAGO DEL ESTERO', 14),
(2368, 4313, 'SANTIAGO DEL ESTERO', 14),
(2369, 4314, 'SANTIAGO DEL ESTERO', 14),
(2370, 4315, 'SANTIAGO DEL ESTERO', 14),
(2371, 4317, 'SANTIAGO DEL ESTERO', 14),
(2372, 4318, 'SANTIAGO DEL ESTERO', 14),
(2373, 4319, 'SANTIAGO DEL ESTERO', 14),
(2374, 4321, 'SANTIAGO DEL ESTERO', 14),
(2375, 4322, 'FERNANDEZ', 14),
(2376, 4324, 'SANTIAGO DEL ESTERO', 14),
(2377, 4326, 'SANTIAGO DEL ESTERO', 14),
(2378, 4328, 'SANTIAGO DEL ESTERO', 14),
(2379, 4332, 'COLONIA DORA', 14),
(2380, 4334, 'SANTIAGO DEL ESTERO', 14),
(2381, 4336, 'SANTIAGO DEL ESTERO', 14),
(2382, 4338, 'CLODOMIRA', 14),
(2383, 4339, 'SANTIAGO DEL ESTERO', 14),
(2384, 4343, 'SANTIAGO DEL ESTERO', 14),
(2385, 4349, 'SANTIAGO DEL ESTERO', 14),
(2386, 4350, 'SUNCHO CORRAL', 14),
(2387, 4351, 'SANTIAGO DEL ESTERO', 14),
(2388, 4352, 'SANTIAGO DEL ESTERO', 14),
(2389, 4353, 'SANTIAGO DEL ESTERO', 14),
(2390, 4354, 'SANTIAGO DEL ESTERO', 14),
(2391, 4355, 'SANTIAGO DEL ESTERO', 14),
(2392, 4356, 'SANTIAGO DEL ESTERO', 14),
(2393, 4361, 'SANTIAGO DEL ESTERO', 14),
(2394, 4436, 'SANTIAGO DEL ESTERO', 14),
(2395, 4613, 'SANTIAGO DEL ESTERO', 14),
(2396, 5150, 'SANTIAGO DEL ESTERO', 14),
(2397, 5206, 'SANTIAGO DEL ESTERO', 14),
(2398, 5250, 'OJO DE AGUA', 14),
(2399, 5251, 'SANTIAGO DEL ESTERO', 14),
(2400, 5253, 'SUMAMPA', 14),
(2401, 5257, 'SANTIAGO DEL ESTERO', 14),
(2402, 5258, 'SANTIAGO DEL ESTERO', 14),
(2403, 9409, 'TIERRA DEL FUEGO', 24),
(2404, 9410, 'USHUAIA', 24),
(2405, 9411, 'TIERRA DEL FUEGO', 24),
(2406, 9420, 'RIO GRANDE', 24),
(2407, 9421, 'TIERRA DEL FUEGO', 24),
(2408, 4000, 'SAN MIGUEL DE TUCUMAN', 15),
(2409, 4101, 'TUCUMAN', 15),
(2410, 4103, 'TAFI VIEJO', 15),
(2411, 4105, 'TUCUMAN', 15),
(2412, 4106, 'TUCUMAN', 15),
(2413, 4107, 'YERBA BUENA', 15),
(2414, 4108, 'TUCUMAN', 15),
(2415, 4109, 'BANDA DEL RIO SALI', 15),
(2416, 4111, 'CRUZ ALTA', 15),
(2417, 4113, 'TUCUMAN', 15),
(2418, 4115, 'TUCUMAN', 15),
(2419, 4117, 'TUCUMAN', 15),
(2420, 4119, 'LA RAMADA', 15),
(2421, 4122, 'TUCUMAN', 15),
(2422, 4124, 'TRANCAS', 15),
(2423, 4127, 'TUCUMAN', 15),
(2424, 4128, 'LULES', 15),
(2425, 4129, 'TUCUMAN', 15),
(2426, 4132, 'FAMAILLA', 15),
(2427, 4133, 'TUCUMAN', 15),
(2428, 4134, 'TUCUMAN', 15),
(2429, 4135, 'TUCUMAN', 15),
(2430, 4137, 'TAFI DEL VALLE', 15),
(2431, 4142, 'MONTEROS', 15),
(2432, 4143, 'TUCUMAN', 15),
(2433, 4144, 'TUCUMAN', 15),
(2434, 4145, 'RIO SECO', 15),
(2435, 4146, 'CONCEPCION', 15),
(2436, 4147, 'TUCUMAN', 15),
(2437, 4149, 'TUCUMAN', 15),
(2438, 4151, 'TUCUMAN', 15),
(2439, 4152, 'AQUILARES', 15),
(2440, 4153, 'TUCUMAN', 15),
(2441, 4155, 'TUCUMAN', 15),
(2442, 4156, 'TUCUMAN', 15),
(2443, 4157, 'TUCUMAN', 15),
(2444, 4158, 'JUAN B. ALBERDI', 15),
(2445, 4159, 'TUCUMAN', 15),
(2446, 4161, 'TUCUMAN', 15),
(2447, 4162, 'LA COCHA', 15),
(2448, 4163, 'TUCUMAN', 15),
(2449, 4164, 'TUCUMAN', 15),
(2450, 4166, 'TUCUMAN', 15),
(2451, 4168, 'BELLA VISTA', 15),
(2452, 4171, 'TUCUMAN', 15),
(2453, 4172, 'SIMOCA', 15),
(2454, 4174, 'TUCUMAN', 15),
(2455, 4178, 'CRUZ ALTA', 15),
(2456, 4179, 'TUCUMAN', 15),
(2457, 4182, 'LOS RALOS', 15),
(2458, 4207, 'TUCUMAN', 15),
(2459, 4229, 'TUCUMAN', 15),
(2460, 4242, 'TUCUMAN', 15),
(2461, 4257, 'TUCUMAN', 15),
(2462, 4263, 'TUCUMAN', 15),
(2463, 4276, 'TUCUMAN', 15),
(2464, 4286, 'TUCUMAN', 15),
(2465, 4424, 'TUCUMAN', 15),
(2466, 5157, 'TUCUMAN', 15);

-- --------------------------------------------------------

--
-- Estructura de tabla para la tabla `marca`
--

DROP TABLE IF EXISTS `marca`;
CREATE TABLE IF NOT EXISTS `marca` (
  `id` int(11) NOT NULL AUTO_INCREMENT,
  `nombre` varchar(50) NOT NULL,
  PRIMARY KEY (`id`),
  UNIQUE KEY `uq_marca_nombre` (`nombre`)
) ENGINE=InnoDB AUTO_INCREMENT=11 DEFAULT CHARSET=utf8;

--
-- Volcado de datos para la tabla `marca`
--

INSERT INTO `marca` (`id`, `nombre`) VALUES
(9, 'Consulfem'),
(4, 'Dexin'),
(6, 'Hewlett Packard'),
(3, 'IA Electrónica'),
(2, 'LIECOM'),
(1, 'N/D'),
(7, 'TeamCast'),
(5, 'Ubiquiti'),
(8, 'VideoSwitch');

-- --------------------------------------------------------

--
-- Estructura de tabla para la tabla `modelo`
--

DROP TABLE IF EXISTS `modelo`;
CREATE TABLE IF NOT EXISTS `modelo` (
  `id` int(11) NOT NULL AUTO_INCREMENT,
  `marca_id` int(11) NOT NULL,
  `nombre` varchar(50) NOT NULL,
  `descripcion` varchar(250) DEFAULT NULL,
  `image_file` varchar(50) NOT NULL DEFAULT 'default_eq.png',
  `date_created` datetime NOT NULL DEFAULT CURRENT_TIMESTAMP,
  `date_modified` datetime NOT NULL DEFAULT CURRENT_TIMESTAMP,
  `anio` varchar(4) DEFAULT NULL,
  `homologacion_id` int(11) DEFAULT NULL,
  `tipo_modelo_id` int(11) DEFAULT NULL,
  PRIMARY KEY (`id`),
  UNIQUE KEY `uq_modelo_nombre_anio` (`nombre`,`anio`),
  KEY `modelo_homologacion` (`homologacion_id`),
  KEY `modelo_marca` (`marca_id`),
  KEY `modelo_tipo` (`tipo_modelo_id`)
) ENGINE=InnoDB AUTO_INCREMENT=76 DEFAULT CHARSET=utf8;

--
-- Volcado de datos para la tabla `modelo`
--

INSERT INTO `modelo` (`id`, `marca_id`, `nombre`, `descripcion`, `image_file`, `date_created`, `date_modified`, `anio`, `homologacion_id`, `tipo_modelo_id`) VALUES
(0, 1, 'N/D', 'Modelo no específico', 'default_eq.png', '2023-07-06 10:45:57', '2023-07-06 10:45:57', NULL, NULL, 11),
(1, 3, 'FM100', 'STM', 'FM100 -17.png', '2023-06-30 10:17:39', '2023-07-09 12:55:38', '\'17', 2, 3),
(2, 3, 'FM250', 'STM', 'FM250 -16.png', '2023-06-30 10:17:39', '2023-06-30 10:17:39', '\'16', 3, 3),
(3, 2, 'FM500', 'STM', 'FM500 -19.png', '2023-06-30 10:17:39', '2023-06-30 10:17:39', '\'19', 4, 3),
(4, 2, 'FM1000', 'CTM', 'FM1000 -23.png', '2023-06-30 10:17:39', '2023-07-07 10:54:26', '\'23', 5, 3),
(5, 2, 'FM2000', 'STM', 'FM2000 -23.png', '2023-06-30 10:17:39', '2023-06-30 10:17:39', '\'23', 6, 3),
(6, 2, 'FM3000', 'CTM', 'FM3000 -23.png', '2023-06-30 10:17:39', '2023-06-30 10:17:39', '\'23', NULL, 3),
(8, 2, 'FM7000', 'refrigeración Agua', 'FM7000 -14.png', '2023-06-30 10:17:39', '2023-06-30 10:17:39', '\'14', NULL, 3),
(10, 2, 'FM5000', 'rack CTM', 'FM5000 -23.png', '2023-06-30 10:17:39', '2023-06-30 10:17:39', '\'23', 7, 3),
(11, 2, 'TRUD70', 'STM', 'TRUD70 -20.png', '2023-06-30 10:17:39', '2023-06-30 10:17:39', '\'20', NULL, 2),
(13, 2, 'TRUD250', 'STM', 'TRUD250 -20.png', '2023-06-30 10:17:39', '2023-11-04 14:57:43', '\'20', 9, 2),
(15, 2, 'TRUD500', 'CTM', 'TRUD500 -21.png', '2023-06-30 10:17:39', '2023-07-04 10:47:31', '\'21', 10, 2),
(19, 2, 'TRUD1200', 'CTM', 'TRUD1200 -10.png', '2023-06-30 10:17:39', '2023-07-04 10:55:33', '\'10', 11, 2),
(20, 2, 'TRUD1800', 'CTM', 'TRUD1800 -22.png', '2023-06-30 10:17:39', '2023-07-04 10:56:48', '\'22', NULL, 2),
(22, 2, 'TRV5000', 'CTM', 'TRV5000 -10.JPG', '2023-06-30 10:17:39', '2023-07-04 11:22:04', '\'10', NULL, 1),
(23, 2, 'TRU250', 'CTM', 'TRU250 -06.jpg', '2023-06-30 10:17:39', '2023-07-04 11:14:24', '\'06', NULL, 1),
(25, 2, 'TRU400', 'CTM', 'TRU400 -08.png', '2023-06-30 10:17:39', '2023-07-04 11:11:20', '\'08', NULL, 1),
(26, 2, 'TRU500', 'CTM', 'TRU500 -19.png', '2023-06-30 10:17:39', '2023-07-04 11:12:53', '\'19', NULL, 1),
(30, 2, 'TRM2650', 'CTM', 'TRM2650 -23.jpg', '2023-06-30 10:17:39', '2023-07-04 10:23:40', '\'23', NULL, 1),
(31, 2, 'TRM26100', 'CTM', 'TRM26100 -16.png', '2023-06-30 10:17:39', '2023-07-04 10:22:48', '\'16', NULL, 1),
(34, 8, 'DMOD-1000i', 'Modulador ISDB-T', 'DMOD-1000i -20.png', '2023-06-30 10:17:39', '2023-10-26 15:03:42', '\'20', NULL, 9),
(36, 8, 'DMUX-500i', 'Multiplexor ISDB Sin Display', 'DMUX-500i -19.png', '2023-06-30 10:17:39', '2023-10-26 15:04:33', '\'19', NULL, 9),
(37, 8, 'DMUX-3100', 'Multiplexor ISDB', 'DMUX-3100 -20.png', '2023-06-30 10:17:39', '2023-10-26 15:04:03', '\'20', NULL, 9),
(38, 4, 'LP211', 'Encoder HD HDMI-SDI NDS3211P', 'LP211 -18.png', '2023-06-30 10:17:39', '2023-11-11 17:38:38', '\'18', NULL, 9),
(40, 3, 'FM100', 'enc. posterior', 'FM100 -23.png', '2023-06-30 12:39:07', '2023-07-09 12:18:53', '\'23', 2, 3),
(46, 2, 'TRV100', 'STM', 'TRV100 -08.png', '2023-07-04 10:22:36', '2023-07-04 10:22:36', '\'08', 12, 1),
(47, 3, 'FM50', '', 'default_eq.png', '2023-07-04 13:21:30', '2023-11-06 17:02:44', '\'07', 1, 3),
(48, 1, 'Router', '', 'Router.png', '2023-07-07 12:16:00', '2023-07-07 12:16:00', NULL, NULL, 10),
(49, 1, 'Switch', '', 'Switch.png', '2023-07-07 12:16:19', '2023-08-10 13:34:52', NULL, NULL, 10),
(50, 1, 'Enlace', 'banda 5GHz', 'Enlace.png', '2023-07-07 12:16:19', '2023-07-07 12:16:19', NULL, NULL, 8),
(51, 2, 'FM10.000', '', 'FM10.000 -18.jpg', '2023-07-10 11:01:51', '2023-07-10 11:03:13', '\'18', 8, 3),
(52, 4, 'NDS3224V', 'Encoder 4 HDMI, salida IP.Sin display. Funciona con señal en la entrada #4 fija, sino se corta', 'NDS3224V -21.png', '2023-09-20 09:06:55', '2023-09-20 09:06:55', '\'21', NULL, 9),
(54, 8, 'MCMP-3100', 'Mux compresor', 'MCMP3100 -22.png', '2023-10-20 19:08:32', '2023-11-14 08:57:10', '\'22', NULL, 9),
(55, 2, 'MIST-13', 'Modulador Digital ISDB-T (módulo Teamcast MHX)', 'MIST-13 -12.JPG', '2023-10-20 19:08:32', '2023-11-06 11:50:23', '\'12', NULL, 6),
(56, 2, 'MIST-15', 'Modulador ISDB-T Con WebBrowser (Módulo TeamCast)', 'MIST-15 -15.JPG', '2023-10-20 19:08:32', '2023-10-23 13:49:31', '\'15', NULL, 6),
(57, 4, 'NDS3224', 'Encoder digital 4 entradas SDI salida IP\r\nrenombrado L224', 'NDS3224 -20.png', '2023-10-20 19:08:32', '2023-10-20 19:08:32', '\'20', NULL, 9),
(58, 4, 'NDS3542A', 'Encoder-Modulador HDMI-SDI c/ display', 'NDS3542A -20.png', '2023-10-20 19:08:32', '2023-11-11 15:18:12', '\'20', NULL, 9),
(59, 5, 'AirFiber24G', 'Enlace 24 GHz', 'AirFiber24G.jpg', '2023-10-22 14:53:12', '2023-11-04 11:41:11', NULL, NULL, 8),
(60, 4, 'NDS3228S', 'Encoder 8 entradas salida IP', 'NDS3228S -20.png', '2023-10-22 14:53:12', '2023-10-22 14:53:12', '\'20', NULL, 9),
(61, 4, 'NDS2405G', 'Modulador digital ISDB-T', 'NDS2405G -20.jpg', '2023-10-22 14:53:12', '2023-10-22 14:53:12', '\'20', NULL, 9),
(66, 2, 'MIST-13s', 'Modulador digital MHX c/GPS', 'MIST-13s -14.JPG', '2023-10-23 13:02:45', '2023-11-06 11:55:15', '\'14', NULL, 6),
(67, 2, 'TRUD2400', '', 'TRUD2400 -23.JPG', '2023-10-26 12:23:43', '2023-10-26 12:23:43', '\'23', NULL, 2),
(68, 8, 'DMM-3100', 'Multiplexor y modulador ISDB', 'DMM-3100 -23.png', '2023-10-26 15:03:10', '2023-11-07 12:27:25', '\'23', NULL, 9),
(69, 8, 'DCMP-500', 'Descompresor ISDB', 'DCMP-500 -23.png', '2023-10-26 15:03:10', '2023-11-07 12:28:29', '\'23', NULL, 9),
(70, 8, 'ECD-3000', 'Encoder H.264', 'ECD-3000 -23.png', '2023-10-26 15:03:10', '2023-11-07 12:29:10', '\'23', NULL, 9),
(71, 2, 'Filtro Notch FM', 'Filtro Notch', 'Filtro_Notch_FM -18.jpg', '2023-11-09 12:24:30', '2023-11-14 08:56:17', '\'18', NULL, 11),
(72, 4, 'LA214', 'Multi Encoder Salida IP - SNMP\r\nCódigo Dexin DX3214B.', 'LA214.png', '2023-11-17 10:42:48', '2023-11-17 11:11:13', NULL, NULL, 9),
(73, 1, 'Filtro de máscara', 'Filtro de máscara UHF', 'Filtro de máscara.png', '2023-11-17 10:42:48', '2023-11-17 10:42:48', NULL, NULL, 11),
(74, 8, 'DMUX-1000i', 'multiplexor ISDB-T', 'DMUX-1000i -17.png', '2023-11-17 11:42:02', '2023-11-17 11:48:59', NULL, NULL, 9);

-- --------------------------------------------------------

--
-- Estructura de tabla para la tabla `orden_reparacion`
--

DROP TABLE IF EXISTS `orden_reparacion`;
CREATE TABLE IF NOT EXISTS `orden_reparacion` (
  `id` int(11) NOT NULL AUTO_INCREMENT,
  `date_created` datetime NOT NULL DEFAULT CURRENT_TIMESTAMP,
  `date_modified` datetime NOT NULL DEFAULT CURRENT_TIMESTAMP,
  `codigo` varchar(6) NOT NULL,
  `content` varchar(250) NOT NULL,
  `tecnico_id` int(11) DEFAULT NULL,
  `equipo_id` int(11) NOT NULL,
  `user_id` int(11) NOT NULL,
  `estado_id` int(11) NOT NULL DEFAULT '1',
  PRIMARY KEY (`id`),
  UNIQUE KEY `codigo` (`codigo`),
  KEY `user_id` (`user_id`),
  KEY `equipment_id` (`equipo_id`),
  KEY `or_estado` (`estado_id`),
  KEY `or_tecnico` (`tecnico_id`)
) ENGINE=InnoDB AUTO_INCREMENT=7 DEFAULT CHARSET=utf8;

--
-- Volcado de datos para la tabla `orden_reparacion`
--

INSERT INTO `orden_reparacion` (`id`, `date_created`, `date_modified`, `codigo`, `content`, `tecnico_id`, `equipo_id`, `user_id`, `estado_id`) VALUES
(1, '2023-08-18 11:39:42', '2023-08-18 12:04:28', '230818', 'Falla general del Tx', 1, 124, 12, 4),
(5, '2023-10-25 16:16:46', '2023-11-12 13:48:00', '231025', 'Recibe bien video , pero no el audio, con el equipo muleto no tiene problemas', 1, 122, 12, 4);

-- --------------------------------------------------------

--
-- Estructura de tabla para la tabla `orden_trabajo`
--

DROP TABLE IF EXISTS `orden_trabajo`;
CREATE TABLE IF NOT EXISTS `orden_trabajo` (
  `id` int(11) NOT NULL AUTO_INCREMENT,
  `date_created` datetime NOT NULL DEFAULT CURRENT_TIMESTAMP,
  `date_modified` datetime NOT NULL DEFAULT CURRENT_TIMESTAMP,
  `codigo` int(6) NOT NULL,
  `content` varchar(1000) NOT NULL,
  `client_id` int(11) NOT NULL,
  `user_id` int(11) NOT NULL,
  `estado_id` int(11) NOT NULL DEFAULT '1',
  PRIMARY KEY (`id`),
  UNIQUE KEY `codigo` (`codigo`),
  KEY `user_id` (`user_id`),
  KEY `or_estado` (`estado_id`),
  KEY `or_client` (`client_id`)
) ENGINE=InnoDB AUTO_INCREMENT=38 DEFAULT CHARSET=utf8;

--
-- Volcado de datos para la tabla `orden_trabajo`
--

INSERT INTO `orden_trabajo` (`id`, `date_created`, `date_modified`, `codigo`, `content`, `client_id`, `user_id`, `estado_id`) VALUES
(12, '2022-05-16 19:08:32', '2023-11-12 13:40:41', 220516, 'Red SFN CH18 TRUD1800\r\nEncoder 4 SDI, Remux, Mod VS, Mist-15, 2 descompresores VS\r\nFM5000\r\nEntrega en dos tiempos', 1, 4, 3),
(14, '2021-07-22 11:33:10', '2023-11-06 11:44:17', 210729, 'TV Digital ALL IN ONE TRUD250', 4, 4, 3),
(15, '2021-01-22 14:53:13', '2023-11-12 13:36:47', 210101, 'TV Digital Enlace 24G Ubiquiti, TRUD1000, 2 ENC IP, MUX, MOD', 5, 4, 3),
(16, '2018-01-23 11:39:42', '2023-11-12 13:35:47', 180101, 'Tv digital TRUD250, enc, mux, mod y 3542 de repuesto', 2, 4, 3),
(30, '2023-08-10 12:53:33', '2023-10-26 11:52:48', 230810, 'TV digital all in one TRUD500', 4, 4, 3),
(31, '2023-10-25 13:05:56', '2023-11-12 13:35:06', 220505, 'Tv Digital TRUD250 ALL IN ONE CH16', 3, 4, 3),
(32, '2023-10-26 13:58:22', '2023-11-12 13:48:41', 221219, 'TRUD2400 digital\r\nSeñal ISDB comprimida, con equipos VS y switchs\r\n', 6, 4, 1),
(33, '2023-11-03 10:17:34', '2023-11-15 23:03:06', 180102, 'Tx TRUD250 digital  con 2 NDS3542', 7, 11, 3),
(35, '2023-11-09 11:34:53', '2023-11-15 17:00:44', 190101, 'TRUD500 con enc 2 entradas + mux + mod', 9, 11, 3),
(36, '2023-11-17 10:42:48', '2023-11-17 11:18:01', 170101, 'TRUD500 c/Filtro de máscara. Mist-13, Mux VS -1000-500, fibra, Switch HP x2, encoder LA214', 10, 10, 2);

-- --------------------------------------------------------

--
-- Estructura de tabla para la tabla `pais`
--

DROP TABLE IF EXISTS `pais`;
CREATE TABLE IF NOT EXISTS `pais` (
  `id` int(11) NOT NULL AUTO_INCREMENT,
  `nombre` varchar(50) DEFAULT NULL,
  PRIMARY KEY (`id`)
) ENGINE=InnoDB AUTO_INCREMENT=22 DEFAULT CHARSET=utf8;

--
-- Volcado de datos para la tabla `pais`
--

INSERT INTO `pais` (`id`, `nombre`) VALUES
(1, 'Argentina'),
(2, 'Bolivia'),
(3, 'Brasil'),
(4, 'Chile'),
(5, 'Colombia'),
(6, 'Costa Rica'),
(7, 'Cuba'),
(8, 'Ecuador'),
(9, 'El Salvador'),
(10, 'Guatemala'),
(11, 'Honduras'),
(12, 'México'),
(13, 'Nicaragua'),
(14, 'Panamá'),
(15, 'Paraguay'),
(16, 'Perú'),
(17, 'Puerto Rico'),
(18, 'República Dominicana'),
(19, 'Uruguay'),
(20, 'Venezuela'),
(21, 'Otro');

-- --------------------------------------------------------

--
-- Estructura de tabla para la tabla `procedimiento`
--

DROP TABLE IF EXISTS `procedimiento`;
CREATE TABLE IF NOT EXISTS `procedimiento` (
  `id` int(11) NOT NULL AUTO_INCREMENT,
  `title` varchar(250) NOT NULL,
  `date_created` datetime NOT NULL DEFAULT CURRENT_TIMESTAMP,
  `date_modified` datetime NOT NULL DEFAULT CURRENT_TIMESTAMP,
  `content` mediumtext,
  `user_id` int(11) NOT NULL,
  `user_edit_id` int(11) DEFAULT NULL,
  PRIMARY KEY (`id`),
  KEY `user_id` (`user_id`),
  KEY `ultimo_editor` (`user_edit_id`)
) ENGINE=InnoDB AUTO_INCREMENT=62 DEFAULT CHARSET=utf8;

--
-- Volcado de datos para la tabla `procedimiento`
--

INSERT INTO `procedimiento` (`id`, `title`, `date_created`, `date_modified`, `content`, `user_id`, `user_edit_id`) VALUES
(58, 'Grabar PIC 24HJ256GP610', '2023-09-26 11:24:57', '2023-10-10 09:41:56', 'para grabar el PIC 24HJ256GP610 de la placa P0568 (voltímetro)\r\nSe debe hacer con la placa ya armada con el PIC, usar el PICKIT 3 y cargar el archivo HEX correspondiente.', 1, 1),
(59, 'Grabar PIC16F74', '2023-10-10 09:27:10', '2023-11-14 00:16:36', 'para grabar el PIC16F887 de la placa P0492 (voltímetro) Se debe hacer con el software MPLAB y una PC de escritorio con puerto serie, al cual conectamos el programador PIC STARTPLUS. Se carga el archivo HEX correspondiente y se programa.', 1, 10),
(60, 'Grabar PIC16F887', '2023-10-25 12:08:57', '2023-10-25 12:08:57', 'Este PIC se graba directamente en la placa P0736-A- utilizando el PICkit 3\r\nCargar el HEX correspondiente', 1, 1);

-- --------------------------------------------------------

--
-- Estructura de tabla para la tabla `provincia`
--

DROP TABLE IF EXISTS `provincia`;
CREATE TABLE IF NOT EXISTS `provincia` (
  `id` int(11) NOT NULL AUTO_INCREMENT,
  `nombre` varchar(50) NOT NULL,
  `pais_id` int(11) DEFAULT NULL,
  PRIMARY KEY (`id`),
  KEY `prov_pais` (`pais_id`)
) ENGINE=InnoDB AUTO_INCREMENT=667 DEFAULT CHARSET=utf8;

--
-- Volcado de datos para la tabla `provincia`
--

INSERT INTO `provincia` (`id`, `nombre`, `pais_id`) VALUES
(1, 'CABA', 1),
(2, 'Buenos Aires', 1),
(3, 'Catamarca', 1),
(4, 'Córdoba', 1),
(5, 'Corrientes', 1),
(6, 'Entre Ríos', 1),
(7, 'Jujuy', 1),
(8, 'Mendoza', 1),
(9, 'La Rioja', 1),
(10, 'Salta', 1),
(11, 'San Juan', 1),
(12, 'San Luis', 1),
(13, 'Santa Fe', 1),
(14, 'Santiago del Estero', 1),
(15, 'Tucumán', 1),
(16, 'Chaco', 1),
(17, 'Chubut', 1),
(18, 'Formosa', 1),
(19, 'Misiones', 1),
(20, 'Neuquén', 1),
(21, 'La Pampa', 1),
(22, 'Río Negro', 1),
(23, 'Santa Cruz', 1),
(24, 'Tierra del Fuego', 1),
(25, 'Artigas', 19),
(26, 'Canelones', 19),
(27, 'Cerro Largo', 19),
(28, 'Colonia', 19),
(29, 'Durazno', 19),
(30, 'Flores', 19),
(31, 'Florida', 19),
(32, 'Lavalleja', 19),
(33, 'Maldonado', 19),
(34, 'Montevideo', 19),
(35, 'Paysandú', 19),
(36, 'Río Negro', 19),
(37, 'Rivera', 19),
(38, 'Rocha', 19),
(39, 'Salto', 19),
(40, 'San José', 19),
(41, 'Soriano', 19),
(42, 'Tacuarembó', 19),
(43, 'Treinta y Tres', 19),
(44, 'Chuquisaca', 2),
(45, 'La Paz', 2),
(46, 'Cochabamba', 2),
(47, 'Oruro', 2),
(48, 'Potosí', 2),
(49, 'Tarija', 2),
(50, 'Santa Cruz', 2),
(51, 'Beni', 2),
(52, 'Pando', 2),
(53, 'Acre', 3),
(54, 'Alagoas', 3),
(55, 'Amapá', 3),
(56, 'Amazonas', 3),
(57, 'Bahía', 3),
(58, 'Ceará', 3),
(59, 'Distrito Federal', 3),
(60, 'Espírito Santo', 3),
(61, 'Goiás', 3),
(62, 'Maranhão', 3),
(63, 'Mato Grosso', 3),
(64, 'Mato Grosso do Sul', 3),
(65, 'Minas Gerais', 3),
(66, 'Pará', 3),
(67, 'Paraíba', 3),
(68, 'Paraná', 3),
(69, 'Pernambuco', 3),
(70, 'Piauí', 3),
(71, 'Rio de Janeiro', 3),
(72, 'Rio Grande do Norte', 3),
(73, 'Rio Grande do Sul', 3),
(74, 'Rondônia', 3),
(75, 'Roraima', 3),
(76, 'Santa Catarina', 3),
(77, 'São Paulo', 3),
(78, 'Sergipe', 3),
(79, 'Tocantins', 3),
(666, 'Sin especificar', 21);

-- --------------------------------------------------------

--
-- Estructura de tabla para la tabla `role`
--

DROP TABLE IF EXISTS `role`;
CREATE TABLE IF NOT EXISTS `role` (
  `id` int(11) NOT NULL,
  `role_name` varchar(30) NOT NULL,
  PRIMARY KEY (`id`),
  UNIQUE KEY `id` (`id`)
) ENGINE=InnoDB DEFAULT CHARSET=utf8;

--
-- Volcado de datos para la tabla `role`
--

INSERT INTO `role` (`id`, `role_name`) VALUES
(1, 'Admin'),
(2, 'Invitado'),
(3, 'Técnico'),
(4, 'ServicioCliente'),
(5, 'Comercial');

-- --------------------------------------------------------

--
-- Estructura de tabla para la tabla `tipo_historia`
--

DROP TABLE IF EXISTS `tipo_historia`;
CREATE TABLE IF NOT EXISTS `tipo_historia` (
  `id` int(11) NOT NULL AUTO_INCREMENT,
  `tipo` varchar(50) NOT NULL,
  PRIMARY KEY (`id`),
  UNIQUE KEY `tipo` (`tipo`)
) ENGINE=InnoDB AUTO_INCREMENT=4 DEFAULT CHARSET=utf8;

--
-- Volcado de datos para la tabla `tipo_historia`
--

INSERT INTO `tipo_historia` (`id`, `tipo`) VALUES
(1, 'Mensaje'),
(3, 'Modificación'),
(2, 'Reparación');

-- --------------------------------------------------------

--
-- Estructura de tabla para la tabla `tipo_modelo`
--

DROP TABLE IF EXISTS `tipo_modelo`;
CREATE TABLE IF NOT EXISTS `tipo_modelo` (
  `id` int(11) NOT NULL AUTO_INCREMENT,
  `tipo` varchar(50) NOT NULL,
  PRIMARY KEY (`id`)
) ENGINE=InnoDB AUTO_INCREMENT=12 DEFAULT CHARSET=utf8;

--
-- Volcado de datos para la tabla `tipo_modelo`
--

INSERT INTO `tipo_modelo` (`id`, `tipo`) VALUES
(1, 'Transmisor de TV Analógica'),
(2, 'Transmisor de TV Digital'),
(3, 'Transmisor de FM'),
(4, 'Transmisor de Microondas'),
(5, 'Modulador de TV Analógica'),
(6, 'Modulador de TV Digital'),
(7, 'Modulador de FM'),
(8, 'Enlace de microondas'),
(9, 'Equipo de TV Digital'),
(10, 'Equipo de Red'),
(11, 'Equipo: ');

-- --------------------------------------------------------

--
-- Estructura de tabla para la tabla `unidad`
--

DROP TABLE IF EXISTS `unidad`;
CREATE TABLE IF NOT EXISTS `unidad` (
  `id` int(11) NOT NULL AUTO_INCREMENT,
  `nombre` varchar(10) NOT NULL,
  PRIMARY KEY (`id`),
  UNIQUE KEY `nombre` (`nombre`)
) ENGINE=InnoDB AUTO_INCREMENT=6 DEFAULT CHARSET=utf8;

--
-- Volcado de datos para la tabla `unidad`
--

INSERT INTO `unidad` (`id`, `nombre`) VALUES
(3, 'GHz'),
(1, 'KHz'),
(2, 'MHz'),
(5, 'UHF'),
(4, 'VHF');

-- --------------------------------------------------------

--
-- Estructura de tabla para la tabla `user`
--

DROP TABLE IF EXISTS `user`;
CREATE TABLE IF NOT EXISTS `user` (
  `id` int(11) NOT NULL AUTO_INCREMENT,
  `username` varchar(30) NOT NULL,
  `email` varchar(50) NOT NULL,
  `image_file` varchar(20) NOT NULL,
  `password` varchar(255) NOT NULL,
  `role_id` int(11) NOT NULL DEFAULT '2',
  PRIMARY KEY (`id`),
  UNIQUE KEY `email` (`email`),
  UNIQUE KEY `username` (`username`),
  KEY `role_id` (`role_id`)
) ENGINE=InnoDB AUTO_INCREMENT=17 DEFAULT CHARSET=utf8;

--
-- Volcado de datos para la tabla `user`
--

INSERT INTO `user` (`id`, `username`, `email`, `image_file`, `password`, `role_id`) VALUES
(1, 'Turko', 'arnaizagustin@gmail.com', 'turko.jpg', '$2b$12$kA//4qKktlTfMDbwXLt2iOATL/imj7eAAACh0bUiddV6W/T5tsyFa', 3),
(4, 'Alejandro', 'toparuiz@mail.com', 'Alejandro.jpg', '$2b$12$VrhQjceSifK79HNg0smr2uidZRnklPL3tFbI54TevRvg2LJ8DkMWu', 1),
(5, 'Atilio', 'atilioavanzini@mail.com', 'atilio.png', '$2b$12$.9g0xMzY6Ov8CEmsuvG5secn12KAfy/JPpffzeYddw81tE.KBg3sy', 3),
(6, 'Oscar', 'oscar@mail.com', 'Oscar.jpg', '$2b$12$2BYblyKU0bxi7P4SVglbVe6UamACecyb5nfsmsa5nEzNvtNlIteIK', 3),
(10, 'admin', 'arnaiz_agustin@hotmail.com', 'admin.jpg', '$2b$12$1uHNmNIuagOpI8FT1PT1Ee96BpSkjdiT9rkoW8ZFbPdn7Vm.Lgbyq', 1),
(11, 'Tomas', 'tomas@tecseg.com', 'tomas.jpg', '$2b$12$nFwkmd5n6bdgmyroTvpjlehN15JEavOoNpEP/R1DXpAx09GjTJNc6', 5),
(12, 'Juan', 'juan@tecseg.com', 'juan.jpg', '$2b$12$K2jwJpDeVQyYm0P5iQlGougGR5wG7E.XUb5GadmJEt3PlvijZXRM.', 4),
(14, 'Jorge', 'jorge@tecseg.com', 'jorge.jpg', '$2b$12$8fFUwOfpjV.eHRy11awAjexyJ/kFyryGpGNCL2Eg82xZxNSpeRW3e', 3),
(16, 'Salvador', 'salvi@tecseg.com', 'salvador.jpg', '$2b$12$JtiK1H.DH4Wnk.hFcn8RseHdBpmNko46NvvwtA/ell9x6BDD9oAkG', 2);

--
-- Restricciones para tablas volcadas
--

--
-- Filtros para la tabla `client`
--
ALTER TABLE `client`
  ADD CONSTRAINT `client_domicilio` FOREIGN KEY (`domicilio_id`) REFERENCES `domicilio` (`id`) ON DELETE NO ACTION ON UPDATE CASCADE,
  ADD CONSTRAINT `client_user` FOREIGN KEY (`user_id`) REFERENCES `user` (`id`) ON DELETE NO ACTION ON UPDATE CASCADE;

--
-- Filtros para la tabla `detalle_reparacion`
--
ALTER TABLE `detalle_reparacion`
  ADD CONSTRAINT `orden_detalle` FOREIGN KEY (`reparacion_id`) REFERENCES `orden_reparacion` (`id`) ON DELETE CASCADE ON UPDATE CASCADE,
  ADD CONSTRAINT `user_detalle` FOREIGN KEY (`user_id`) REFERENCES `user` (`id`) ON DELETE NO ACTION ON UPDATE CASCADE;

--
-- Filtros para la tabla `detalle_trabajo`
--
ALTER TABLE `detalle_trabajo`
  ADD CONSTRAINT `detalle_OT` FOREIGN KEY (`trabajo_id`) REFERENCES `orden_trabajo` (`id`) ON DELETE CASCADE ON UPDATE CASCADE,
  ADD CONSTRAINT `detalle_or_user` FOREIGN KEY (`user_id`) REFERENCES `user` (`id`) ON DELETE NO ACTION ON UPDATE CASCADE;

--
-- Filtros para la tabla `domicilio`
--
ALTER TABLE `domicilio`
  ADD CONSTRAINT `domicilio_localidad` FOREIGN KEY (`localidad_id`) REFERENCES `localidad` (`id`) ON DELETE NO ACTION ON UPDATE CASCADE;

--
-- Filtros para la tabla `equipment`
--
ALTER TABLE `equipment`
  ADD CONSTRAINT `eq_detalle` FOREIGN KEY (`detalle_trabajo_id`) REFERENCES `detalle_trabajo` (`id`) ON UPDATE CASCADE,
  ADD CONSTRAINT `eq_modelo` FOREIGN KEY (`modelo_id`) REFERENCES `modelo` (`id`) ON UPDATE CASCADE,
  ADD CONSTRAINT `eq_user` FOREIGN KEY (`user_id`) REFERENCES `user` (`id`) ON DELETE NO ACTION ON UPDATE CASCADE;

--
-- Filtros para la tabla `frecuencia`
--
ALTER TABLE `frecuencia`
  ADD CONSTRAINT `frec_unidad` FOREIGN KEY (`unidad_id`) REFERENCES `unidad` (`id`) ON DELETE NO ACTION ON UPDATE CASCADE;

--
-- Filtros para la tabla `historia`
--
ALTER TABLE `historia`
  ADD CONSTRAINT `historia_equipo` FOREIGN KEY (`equipo_id`) REFERENCES `equipment` (`id`) ON DELETE CASCADE ON UPDATE CASCADE,
  ADD CONSTRAINT `historia_tipo` FOREIGN KEY (`tipo_historia_id`) REFERENCES `tipo_historia` (`id`) ON DELETE NO ACTION ON UPDATE CASCADE,
  ADD CONSTRAINT `historia_user` FOREIGN KEY (`user_id`) REFERENCES `user` (`id`) ON DELETE NO ACTION ON UPDATE CASCADE;

--
-- Filtros para la tabla `iibb`
--
ALTER TABLE `iibb`
  ADD CONSTRAINT `iibb_provincia` FOREIGN KEY (`provincia_id`) REFERENCES `provincia` (`id`) ON DELETE CASCADE ON UPDATE CASCADE;

--
-- Filtros para la tabla `localidad`
--
ALTER TABLE `localidad`
  ADD CONSTRAINT `localidad_prov` FOREIGN KEY (`provincia_id`) REFERENCES `provincia` (`id`) ON DELETE NO ACTION ON UPDATE CASCADE;

--
-- Filtros para la tabla `modelo`
--
ALTER TABLE `modelo`
  ADD CONSTRAINT `modelo_homologacion` FOREIGN KEY (`homologacion_id`) REFERENCES `homologacion` (`id`) ON DELETE SET NULL ON UPDATE CASCADE,
  ADD CONSTRAINT `modelo_marca` FOREIGN KEY (`marca_id`) REFERENCES `marca` (`id`) ON UPDATE CASCADE,
  ADD CONSTRAINT `modelo_tipo` FOREIGN KEY (`tipo_modelo_id`) REFERENCES `tipo_modelo` (`id`) ON DELETE NO ACTION ON UPDATE NO ACTION;

--
-- Filtros para la tabla `orden_reparacion`
--
ALTER TABLE `orden_reparacion`
  ADD CONSTRAINT `or_equipo` FOREIGN KEY (`equipo_id`) REFERENCES `equipment` (`id`) ON DELETE CASCADE ON UPDATE CASCADE,
  ADD CONSTRAINT `or_estado` FOREIGN KEY (`estado_id`) REFERENCES `estado_or` (`id`) ON DELETE CASCADE ON UPDATE CASCADE,
  ADD CONSTRAINT `or_tecnico` FOREIGN KEY (`tecnico_id`) REFERENCES `user` (`id`) ON DELETE SET NULL ON UPDATE CASCADE,
  ADD CONSTRAINT `or_user` FOREIGN KEY (`user_id`) REFERENCES `user` (`id`) ON DELETE NO ACTION ON UPDATE CASCADE;

--
-- Filtros para la tabla `orden_trabajo`
--
ALTER TABLE `orden_trabajo`
  ADD CONSTRAINT `ot_client` FOREIGN KEY (`client_id`) REFERENCES `client` (`id`) ON DELETE CASCADE ON UPDATE CASCADE,
  ADD CONSTRAINT `ot_estado` FOREIGN KEY (`estado_id`) REFERENCES `estado_ot` (`id`) ON DELETE CASCADE ON UPDATE CASCADE,
  ADD CONSTRAINT `ot_user` FOREIGN KEY (`user_id`) REFERENCES `user` (`id`) ON DELETE NO ACTION ON UPDATE CASCADE;

--
-- Filtros para la tabla `procedimiento`
--
ALTER TABLE `procedimiento`
  ADD CONSTRAINT `autor_procedimiento` FOREIGN KEY (`user_id`) REFERENCES `user` (`id`) ON DELETE NO ACTION ON UPDATE CASCADE,
  ADD CONSTRAINT `ultimo_editor` FOREIGN KEY (`user_edit_id`) REFERENCES `user` (`id`) ON DELETE NO ACTION ON UPDATE CASCADE;

--
-- Filtros para la tabla `provincia`
--
ALTER TABLE `provincia`
  ADD CONSTRAINT `prov_pais` FOREIGN KEY (`pais_id`) REFERENCES `pais` (`id`) ON DELETE NO ACTION ON UPDATE CASCADE;

--
-- Filtros para la tabla `user`
--
ALTER TABLE `user`
  ADD CONSTRAINT `user_role` FOREIGN KEY (`role_id`) REFERENCES `role` (`id`) ON DELETE NO ACTION ON UPDATE CASCADE;
COMMIT;

/*!40101 SET CHARACTER_SET_CLIENT=@OLD_CHARACTER_SET_CLIENT */;
/*!40101 SET CHARACTER_SET_RESULTS=@OLD_CHARACTER_SET_RESULTS */;
/*!40101 SET COLLATION_CONNECTION=@OLD_COLLATION_CONNECTION */;
